x,y,z,ESP,MHP
-0.048,17.741,7.447,-14.280883564386308,0.11096964359499534
-0.171,18.202,7.447,-14.544850798644585,0.14282866071261374
-0.071,17.741,7.917,-15.226118575591356,0.10917623592524471
-9.048,17.741,7.447,-15.933599564057054,0.21419334309021723
-9.028,18.153,7.447,-16.168436233060785,0.1870936972376568
-9.357,17.644,7.842,-16.04080587938627,0.24356879270044057
-8.232,17.408,7.447,-15.99951875887455,0.1482403605863264
-0.071,17.27,7.447,-13.993348845059382,0.08567261253405194
-0.071,17.741,6.976,-13.559187964442518,0.11531154224616647
-9.028,17.741,7.035,-15.716860639388766,0.214182750414525
-0.239,17.741,8.364,-16.33554318049527,0.11420023608274321
-0.194,18.204,7.91,-15.268786804259337,0.14778499066251297
-8.771,17.741,8.227,-16.036114208952245,0.22510570673307034
-9.344,18.117,7.825,-16.25408832296118,0.2143025275967579
-8.314,17.396,7.792,-16.140330267309242,0.16046018848858373
-0.194,17.278,7.91,-15.0126383744089,0.08247138359191816
-0.141,17.741,6.511,-12.896646039673925,0.11892872160103965
-0.095,17.268,6.974,-13.3648398587876,0.09265777343111893
-8.968,17.741,6.628,-15.547244623282614,0.2065554208234344
-8.215,17.406,7.112,-15.824210028769606,0.147049858355405
-9.007,18.155,7.033,-16.087410384622324,0.17885431679487906
-0.194,18.204,6.984,-13.875918189225713,0.14437296907530842
-0.435,18.619,7.447,-14.912311806536799,0.15554533692009045
-8.771,18.521,7.447,-16.285301824260063,0.15490304754998308
-7.889,17.136,7.447,-16.05629351305232,0.11791092478986195
-0.141,16.804,7.447,-13.865690927841994,0.0763418342537027
-1.43,19.157,7.447,-16.000183682047485,0.08868462113394547
-0.951,18.944,7.858,-15.871107179648433,0.12830978757901076
-1.021,18.902,7.447,-15.601025084636365,0.11559701469429712
-8.451,19.233,7.447,-16.45124801918731,0.11562335346795914
-8.366,18.827,7.818,-16.253520935212386,0.14116684328163914
-8.389,18.815,7.447,-16.287456917747615,0.12701923565989132
-7.62,16.593,7.447,-16.18682726398428,0.08908801506594283
-7.795,16.831,7.758,-16.275710517218478,0.10579809829979561
-7.719,16.87,7.447,-16.113527260813797,0.10128518026897906
-0.321,15.866,7.447,-14.50472238280721,0.09033305521318355
-0.285,16.332,7.928,-14.794848803357985,0.08109918501287397
-0.255,16.348,7.447,-14.110055882822921,0.07986864652013945
-0.285,16.332,6.965,-13.627482664680203,0.08183656334943556
-7.7,16.861,7.146,-15.957242534511469,0.10182438253836837
-9.126,19.062,6.996,-16.735303377425144,0.12960440290829878
-1.236,18.856,7.066,-15.396866695653932,0.10482631947009587
-0.558,18.612,7.886,-15.448488877539049,0.1559022736510231
-9.268,18.636,7.841,-16.50036957409855,0.18181685406157658
-7.969,17.108,7.767,-16.20738410140412,0.12581910574312827
-0.265,16.811,7.916,-14.79872463042453,0.07405409394214521
-0.168,16.791,6.968,-13.339802561084777,0.08258044842633076
-7.871,17.127,7.137,-15.899709156363432,0.11730537650605924
-9.236,18.632,6.998,-16.521834747511093,0.15552262693391217
-0.558,18.612,7.007,-14.502053326925308,0.1490375293273409
-0.722,18.596,8.302,-15.869045393131872,0.15945480772708093
-9.192,18.641,8.349,-16.342377301485215,0.21089557651454066
-7.919,17.105,8.083,-16.25908338444624,0.13324565923555792
-0.818,16.906,8.282,-15.724950047369841,0.08113536280779457
-0.242,16.787,6.493,-12.795132209713017,0.08993880338100599
-8.015,17.085,6.791,-15.653422361736467,0.13262740271749168
-9.167,18.635,6.553,-16.407077984879777,0.14822539547045305
-0.626,18.615,6.572,-14.043928361224742,0.15296812949696675
-1.153,17.741,8.978,-16.40811825997314,0.12044240033357262
-0.733,17.741,8.695,-16.40993309151176,0.12083652398093334
-0.76,18.172,8.709,-16.28779476863747,0.1493121927832684
-8.544,17.741,8.978,-15.760387738388564,0.27356758882790466
-8.58,17.741,8.579,-15.93295035591782,0.2398091304606083
-9.14,18.138,8.831,-15.878624890663966,0.2815828691459587
-7.986,17.41,8.415,-16.11623025026273,0.16737226228165647
-1.141,17.35,8.591,-16.088570491950392,0.0920045056807491
-0.321,17.741,5.572,-11.985313995876364,0.12320562024055784
-0.255,17.741,6.054,-12.393321569261076,0.12086858618744417
-0.285,17.259,6.038,-12.203095186445736,0.10753243442122429
-9.098,17.741,5.687,-15.203925565900144,0.18503087979285787
-8.963,17.741,6.199,-15.41457609721563,0.1950352414262179
-8.651,17.34,6.273,-15.070274000609825,0.19783370007070988
-9.126,18.192,6.126,-15.948840438661989,0.16816706993875025
-0.285,18.222,6.038,-12.687547537741175,0.14589827231594493
-0.558,18.18,8.318,-15.927341157385344,0.14252507807672632
-9.268,18.133,8.344,-16.121635029666056,0.24279241665617934
-8.261,17.391,8.14,-16.192606962431043,0.17134028604714158
-0.558,17.301,8.318,-15.96324099222544,0.09035364258023378
-0.168,17.261,6.497,-12.721498080373593,0.09920421595784884
-8.359,17.381,6.734,-15.536240832148268,0.164907717486756
-9.236,18.19,6.556,-16.109395730272915,0.1798258761909851
-0.265,18.21,6.517,-13.273129819630888,0.14686659179590966
-2.444,17.741,9.851,-16.35928632268006,0.11198117779886757
-2.065,17.741,9.731,-16.579922398386007,0.11428967667876994
-2.208,18.114,9.714,-16.36262480304771,0.12846368646305212
-6.828,17.741,9.427,-15.690807496719456,0.14830387075381532
-7.322,17.741,9.477,-15.680502331645506,0.19414196071862513
-7.111,18.061,9.39,-15.876615589201979,0.1574829484050482
-7.413,17.379,9.649,-15.410571160670443,0.22801046460217408
-2.284,17.379,9.649,-16.50079910516323,0.08792292940993604
-2.444,17.741,5.043,-15.111450258224163,0.12489660873643788
-1.679,17.741,4.846,-13.98051207459623,0.17478051277573198
-2.208,17.368,5.18,-14.82302771589546,0.12526915954066833
-7.677,17.741,4.619,-14.894716788092023,0.13898076661121062
-7.94,17.741,4.909,-14.901789816754372,0.1425343807276699
-8.167,17.272,4.597,-13.840534890873789,0.1787655773780418
-7.639,18.135,5.05,-15.56420000352399,0.10933378961825664
-1.831,18.167,4.856,-14.336144739721352,0.17278042104340988
-1.773,18.565,9.699,-16.30693304316228,0.17478202665055476
-1.996,18.113,9.441,-16.37188368125607,0.12324690021538566
-7.214,18.375,9.179,-15.990163587517138,0.14961557076377344
-7.537,18.092,9.327,-15.839900551960696,0.19715213198623466
-7.609,17.001,9.468,-15.686160578019205,0.21521076882466064
-7.7,17.369,9.441,-15.680214651416467,0.22685257088233562
-2.009,16.98,9.525,-16.62752460591168,0.07217154290561856
-1.915,17.358,9.498,-16.62858911220131,0.08838168780399142
-1.93,16.959,5.311,-14.391828248872667,0.13560887321417378
-1.507,17.305,5.111,-13.587710010376835,0.16873881050441153
-8.397,16.79,4.849,-13.443412805470656,0.1801531820046941
-8.515,17.263,4.883,-13.854427233392624,0.18717112955017767
-7.766,18.523,5.311,-15.974172890517394,0.09780904939948462
-8.026,18.155,5.225,-15.53822681656794,0.12314002743684932
-1.457,18.65,4.964,-14.288451511836431,0.1521931958143439
-1.018,18.24,4.769,-13.340304322398099,0.1516708726083385
-2.021,17.741,9.336,-16.407964060036257,0.10045776208881446
-8.408,17.741,9.83,-15.656061481256389,0.30472740778872703
-0.94,17.741,4.836,-12.832305207630471,0.16400245742320008
-8.341,17.741,5.114,-14.822005786018943,0.1593715132426466
-1.108,18.171,9.07,-16.39321928466706,0.15348033679587325
-1.762,17.741,9.097,-16.35360135189581,0.10127349190208132
-8.951,18.181,9.309,-15.65938995634775,0.31336682312157677
-8.111,17.741,9.191,-15.78299964972609,0.24631007257932697
-7.95,17.384,8.793,-16.022566748422996,0.19228708419929874
-1.382,17.342,8.951,-16.305123226073846,0.09383850336101847
-0.378,17.226,5.507,-11.705424298815135,0.12394175412995437
-0.527,17.741,5.137,-12.190480288095213,0.13396492332916893
-8.771,17.289,5.745,-14.669342144755806,0.19554364588225498
-8.817,17.741,5.326,-14.843998474597672,0.17595443538731037
-8.954,18.213,5.665,-15.715577301535475,0.1581396572656433
-0.469,18.245,5.547,-12.629554527876476,0.1350571447797465
-1.635,18.131,9.239,-16.37621949461837,0.13220603636984907
-8.062,18.131,9.239,-15.710441492090094,0.2492563185446584
-7.888,17.372,9.142,-15.881745581413014,0.21549510855141035
-1.809,17.372,9.142,-16.395384548848806,0.08605670248410408
-0.593,17.225,5.074,-11.822838240824911,0.15560410053892232
-8.757,17.267,5.267,-14.199318615535013,0.18842021878649318
-8.496,18.183,5.413,-15.547841541519201,0.14290891479783652
-0.766,18.236,5.171,-13.00180090465209,0.13449219279946614
-1.109,18.618,9.146,-16.301309581090187,0.18239491752688602
-8.232,18.535,8.984,-15.731155987927597,0.2436181742706029
-7.697,17.073,8.742,-16.08779184292872,0.15914702853561583
-1.376,16.926,9.025,-16.237999715677425,0.084777947134599
-0.575,16.738,5.505,-12.101115090903878,0.13243699727132324
-8.41,16.906,5.828,-14.5876936029567,0.18126219143733327
-8.588,18.618,5.748,-16.09836484911004,0.1289924551503398
-0.753,18.702,5.586,-13.416951404006895,0.14390956128684979
-1.746,19.292,8.998,-16.481473413063405,0.132091474693952
-0.994,19.15,9.692,-16.198725070129196,0.2505045899885472
-0.782,19.154,9.276,-16.25113138576821,0.23438473087087075
-7.706,19.17,8.876,-16.053241909590415,0.1664242349498525
-7.358,18.71,8.988,-16.030412823411826,0.14906091536994617
-7.852,18.827,8.878,-15.920129630610646,0.19169402510435732
-7.461,16.435,8.753,-16.11986181217685,0.1260941021022106
-7.52,16.71,9.087,-15.950023984451093,0.16317002055611166
-7.509,16.779,8.714,-16.097584764873243,0.13680039747221376
-1.582,16.108,9.08,-16.403394274505413,0.08095408923537611
-1.772,16.554,9.336,-16.49629488882497,0.07124511734165972
-1.501,16.531,9.041,-16.24266314090552,0.0790817256576621
-1.337,15.985,5.691,-14.057664976910807,0.10801927067014051
-1.367,16.397,5.31,-13.34748625347039,0.16199822623939347
-0.814,16.282,5.526,-12.771984397858429,0.13095805260993698
-7.869,16.23,5.936,-14.751391148163862,0.14831437292697885
-8.41,16.366,5.26,-13.542857045875019,0.19104584350299547
-8.11,16.562,5.894,-14.667523246757467,0.16171147138801065
-8.033,19.333,5.855,-16.496688989924138,0.0931141988753269
-8.086,18.991,5.459,-16.40421794770048,0.09927389821836671
-8.367,19.013,5.771,-16.405948829203467,0.11038409381552214
-1.419,19.456,5.732,-15.250078847985904,0.12397787618786067
-1.367,19.084,5.31,-14.676711730606833,0.13119419289188206
-1.158,19.075,5.689,-14.483748449726452,0.13476971593706114
-1.389,18.607,9.47,-16.297046787016285,0.18919790228428585
-7.633,18.438,9.075,-15.900638581061543,0.1884297421415551
-7.717,17.023,9.125,-15.949541592968043,0.1898849868115407
-1.895,17.002,9.174,-16.401059273237557,0.07384045013649645
-1.22,16.833,5.325,-13.072856302812623,0.164224920117674
-8.561,16.812,5.276,-13.86291466057222,0.1881815357431515
-8.223,18.586,5.473,-16.041453878852614,0.11464729920504688
-0.967,18.712,5.177,-13.633590466277107,0.13369859387787264
-2.161,20.428,7.447,-16.590171130829845,0.06828053731401527
-1.906,20.267,7.863,-16.834130843990895,0.06187586408082648
-1.834,20.215,7.447,-16.75572136309742,0.06314634979915652
-8.03,20.923,7.447,-16.055864237918378,0.08744822492600775
-8.092,20.526,7.905,-16.310359199559485,0.09015912188729253
-8.25,20.532,7.447,-16.43747957360589,0.08791374718969969
-7.182,15.407,7.447,-16.44395604622553,0.07475408317148327
-7.564,15.409,7.831,-16.670664408216265,0.07747232611615276
-7.477,15.584,7.447,-16.52746427598216,0.07144141663171236
-1.454,14.347,7.447,-16.92838905284124,0.058113392587890084
-1.529,14.891,7.916,-16.686543028925875,0.06080764041576053
-1.138,14.696,7.447,-16.44883710886704,0.06762774876411694
-1.227,14.632,6.935,-16.287126541844493,0.0614864815678889
-7.413,15.538,7.085,-16.337986406947625,0.07695539747194
-8.167,20.591,6.978,-16.47933463746861,0.0838835803615178
-1.982,20.202,7.042,-16.580295258800604,0.07245761903331141
-1.772,19.797,7.447,-16.53122534286914,0.06615735754242033
-1.752,19.906,7.851,-16.75711072666976,0.06526205882647748
-8.424,20.13,7.447,-16.623263564652618,0.09334599281814636
-7.619,19.678,7.808,-16.180156582393405,0.08869808842419427
-7.509,15.963,7.447,-16.38812952797796,0.07257283656761557
-7.537,15.861,7.798,-16.513867524932675,0.07399022461729052
-0.774,15.019,7.447,-15.851227478189408,0.08319218855019332
-1.018,15.063,7.947,-16.42764616613529,0.07631312250343802
-0.855,14.949,6.926,-15.587470046298861,0.07453036695750631
-7.456,15.918,7.107,-16.205719275736215,0.07678483666770386
-8.434,20.248,6.979,-16.755989409392647,0.08533897651609634
-1.915,19.792,7.064,-16.348789752217456,0.07085658113605058
-1.93,19.877,8.229,-16.738512506852704,0.07403550189944112
-7.53,19.704,8.165,-16.161734785365198,0.09572194855958376
-7.609,15.72,8.187,-16.514994035004626,0.08493072041565602
-1.615,15.374,8.313,-16.51627368448198,0.06832536608707218
-1.063,14.97,6.433,-15.49666200986557,0.06288846659830978
-7.451,15.836,6.75,-15.938213360177937,0.08860505529830767
-8.161,20.166,6.559,-16.64689763303313,0.08453189102276434
-1.93,19.877,6.665,-16.27680680008766,0.0811497951388093
-1.587,19.294,8.626,-16.488644433564303,0.11744130193966411
-1.772,19.63,8.634,-16.699333225605045,0.10269582351502805
-7.766,19.131,8.502,-16.10044971919232,0.1440724078233142
-7.601,19.431,8.509,-16.15586675809554,0.12327399776124043
-7.423,16.515,8.378,-16.212456546782757,0.1057785698014645
-7.439,16.15,8.447,-16.26223259071368,0.10074290453133627
-1.415,16.106,8.688,-16.199155799117655,0.07947044753182794
-1.529,15.703,8.728,-16.48440644646974,0.08056444917123569
-0.729,15.779,5.957,-13.630656404569432,0.08946441987881149
-1.044,15.405,5.978,-14.5319113088831,0.07400302363977387
-7.766,16.351,6.392,-15.393346998176085,0.12030220609008674
-7.601,16.051,6.385,-15.456798916705441,0.1119570405351534
-8.281,19.376,6.206,-16.538733152615865,0.09781146283039892
-8.086,19.729,6.197,-16.596274080117194,0.0894429131137406
-1.587,19.294,6.268,-15.481378890850019,0.10482573074128133
-1.772,19.63,6.26,-15.882634549497979,0.09759879005315238
-1.811,19.517,8.207,-16.536881214950593,0.08287688015760664
-8.737,19.853,8.4,-16.658441507339298,0.14777601077644986
-7.633,16.112,8.144,-16.497196636296064,0.08688378399875149
-1.389,15.718,8.313,-16.23348371224704,0.07394101041079912
-0.714,15.323,6.412,-14.595683208288353,0.07573282266656489
-7.548,16.162,6.771,-15.862455068329218,0.0920397508685594
-8.561,19.912,6.518,-16.88757131506854,0.09162001741368737
-1.811,19.517,6.687,-15.987729694841356,0.08356070524097646
-1.554,19.238,8.22,-16.38006662209844,0.098913781486865
-8.899,19.529,8.39,-16.600900828176712,0.1666162880743451
-7.697,16.446,8.115,-16.455842267203288,0.09670480670247183
-1.109,16.042,8.324,-15.942764009496283,0.07991699936998908
-0.486,15.758,6.424,-13.797567503003034,0.08389529899677212
-7.608,16.487,6.8,-15.802978655679134,0.09744056142072535
-8.766,19.521,6.528,-16.79951088555929,0.10315848762048303
-1.643,19.198,6.695,-15.666743865611746,0.09092390194991266
-1.673,19.438,7.447,-16.261484214306787,0.0746032234438779
-1.382,19.245,7.846,-16.267331249725885,0.09374279872101635
-8.552,19.721,7.447,-16.648443902866337,0.10399367807773674
-7.95,19.087,7.804,-16.208840718842204,0.11500880056144581
-7.494,16.327,7.447,-16.238399971965116,0.07927172419433004
-7.585,16.553,7.762,-16.2949865066485,0.08929392436624234
-0.527,15.431,7.447,-15.164348994256299,0.09186509933267903
-0.469,15.841,7.951,-15.29874844253405,0.092483998652663
-0.378,15.801,6.932,-14.105912922277716,0.08596814214667217
-7.585,16.553,7.132,-16.022689880178646,0.0899375116705303
-8.862,19.483,6.985,-16.82005075737329,0.10678730917294435
-1.564,19.166,7.069,-15.826823646426318,0.08628049328521664
-1.635,19.533,7.837,-16.499476820486134,0.0762761676925659
-7.801,19.388,7.805,-16.217051477466043,0.10164492888990137
-7.541,16.239,7.774,-16.38896336285688,0.07981756619014319
-0.766,15.465,7.942,-15.873280619852723,0.08701801073857507
-0.593,15.368,6.931,-14.824961246723197,0.08339271299450711
-7.454,16.288,7.131,-16.081221674425738,0.08099630921951007
-8.67,19.872,6.983,-16.861487546502573,0.09293735922808449
-1.809,19.436,7.078,-16.093207341059347,0.0753202415549345
-0.94,18.602,8.722,-16.174492391544774,0.16470151205149558
-9.043,18.672,8.871,-16.041258006305423,0.2563049312908726
-7.733,17.105,8.388,-16.17577749753126,0.1385687595973209
-1.312,16.962,8.6,-16.020793780389,0.0803346856208318
-0.382,16.757,5.99,-12.329388608728742,0.10334849073633529
-8.198,17.003,6.354,-15.215123883541988,0.15761548884485393
-8.943,18.643,6.112,-16.221814021661515,0.14021682700919905
-0.754,18.643,6.112,-13.775821636618875,0.14946423224973848
-1.252,18.98,8.686,-16.29540574642239,0.1465505366813948
-8.904,19.163,8.869,-16.158476340405613,0.23540886752898071
-7.545,16.812,8.376,-16.198091959951267,0.11867123187053699
-1.432,16.564,8.624,-16.04898287633114,0.07550597718193451
-0.623,16.285,5.991,-13.04977257345932,0.09978012039143502
-7.905,16.688,6.394,-15.344205124345729,0.1308201761086451
-8.534,19.011,6.177,-16.405209243374117,0.11342467964884667
-1.252,18.98,6.208,-14.842977285964636,0.1234478633855888
-1.312,18.894,8.226,-16.131611521492957,0.11698503190858725
-9.052,19.138,8.377,-16.497599364236088,0.18675062804095852
-7.733,16.8,8.083,-16.32338197534027,0.11140533527143343
-1.033,16.497,8.288,-15.745635836474882,0.07782104196965481
-0.382,16.284,6.463,-13.21133521272405,0.08666455560807693
-7.733,16.8,6.811,-15.745324510622837,0.10840290923542786
-8.943,19.076,6.545,-16.59438778401377,0.12178901073923347
-1.312,18.894,6.668,-15.17571447295608,0.1084221172070089
-4.848,22.641,7.447,-13.219507588829718,0.0869574060104584
-4.848,22.617,7.927,-13.060542144174182,0.06439644628038704
-4.378,22.518,7.447,-13.704863971644098,0.10137347456696405
-5.329,22.617,7.447,-12.98307079706585,0.07041516621421652
-4.932,12.251,7.48,-18.07499646342053,0.09345923019594515
-4.917,12.283,8.046,-17.978059469497065,0.09716109245569055
-5.319,12.964,7.447,-17.851807113398337,0.06595679642522873
-4.36,12.272,7.488,-18.012746047855632,0.07839182820962552
-4.912,12.277,6.903,-18.17917966600856,0.08669872502587872
-4.848,22.518,6.976,-13.846020015651204,0.09826226989451392
-3.931,22.351,7.447,-14.324825118310216,0.10633262451091349
-4.376,22.494,7.92,-13.559431301341256,0.06996270576486785
-5.804,22.547,7.447,-12.904036982280843,0.060958057825329176
-5.331,22.593,7.93,-12.752498160107907,0.057283400621086764
-5.765,13.131,7.447,-17.777443320436973,0.06339829752351936
-5.321,12.988,7.92,-17.789305703266223,0.06601790583053535
-3.776,12.356,7.49,-18.041341281220582,0.06800173015108764
-4.35,12.308,8.065,-17.991351451297163,0.08341129399978357
-4.348,12.3,6.897,-18.08015033588338,0.07314429652480027
-5.311,13.087,6.984,-17.800482612764732,0.06221122870076118
-5.321,22.494,6.974,-13.689391553764324,0.07778198769645236
-4.385,22.395,6.984,-14.274448409216347,0.11278215018587853
-4.848,22.547,8.403,-13.239788574249761,0.0456369161340129
-4.891,12.368,8.576,-17.812583667642677,0.10447137674137577
-4.905,12.362,6.343,-18.300933089106163,0.07738138946286682
-4.848,22.449,6.511,-14.459370699316324,0.10369127480096743
-4.848,22.268,9.322,-14.263035915022979,0.04343680033997127
-4.367,22.304,8.856,-14.291023812872481,0.02884565832642324
-4.848,22.334,8.84,-13.833818277480681,0.03870568647009277
-5.33,22.304,8.856,-13.49337240893194,0.04504837532050233
-4.848,13.399,9.246,-16.918081535975496,0.08107708154688069
-5.33,13.178,8.856,-17.306293629263784,0.07913392564408153
-4.837,12.481,9.021,-17.592539655710898,0.11111064307218124
-4.377,13.273,8.826,-17.39775165676268,0.0671737400488721
-4.879,12.687,5.301,-18.1548347009181,0.07204266349890129
-4.335,12.543,5.754,-18.182662140153546,0.07157735593434028
-4.848,13.148,6.054,-17.83165892391841,0.055638608012671203
-5.33,13.178,6.038,-17.870536288284942,0.056526742375107866
-4.848,22.268,5.572,-15.741519543072082,0.11036732607882632
-5.34,22.399,6.009,-15.036630554003246,0.0857527667062175
-4.848,22.334,6.054,-15.13631743652807,0.10357704382237345
-4.377,22.209,6.068,-15.493555609905183,0.10794772651697687
-4.369,22.421,8.397,-13.73943660572333,0.04198769591592886
-5.328,22.421,8.397,-13.12115191895119,0.04682136539660013
-5.328,13.06,8.397,-17.62130830745142,0.0696782533038201
-4.319,12.395,8.585,-17.983754194909796,0.08747800626958632
-4.336,12.392,6.316,-18.16139965613204,0.06988435125348502
-5.328,13.06,6.497,-17.90423031654953,0.06123086935349456
-5.328,22.421,6.497,-14.354579906340536,0.08186907038827444
-4.389,22.226,6.537,-14.968765051960265,0.10634760864692078
-3.914,22.251,8.381,-14.440726298798152,0.03913216324783373
-5.802,22.347,8.401,-13.007264292506214,0.047165997506600145
-5.763,13.326,8.361,-17.57177992116992,0.05979940050533969
-3.894,13.134,8.401,-17.701983407864795,0.06064210501660344
-3.755,12.482,6.307,-18.147701481055606,0.06514822866904656
-5.782,13.23,6.513,-17.79582529087885,0.062418753015630116
-5.802,22.347,6.493,-14.291678910969036,0.06482272431264027
-4.033,21.676,6.632,-15.675442724203952,0.07813398980623196
-3.394,21.252,7.447,-15.92853907451823,0.06817145179766053
-3.6,21.856,7.447,-15.392526914275837,0.08305896020213711
-3.586,21.829,7.878,-15.386554993275265,0.06659294002462385
-6.762,22.36,7.447,-13.239854054608145,0.06812193540977766
-6.271,22.43,7.447,-13.056154268662828,0.05926313652581886
-6.286,22.399,7.939,-12.870108129524445,0.053988512989468024
-6.303,14.23,7.447,-16.836099102953956,0.07072225912692447
-6.068,13.722,7.447,-17.192864045023676,0.0643548018565246
-6.081,13.748,7.868,-17.233219709610463,0.06267168718229452
-2.67,12.701,7.48,-18.09289329122389,0.06579082663775125
-3.205,12.502,7.487,-18.082369584423617,0.06485633151086684
-3.207,12.536,8.054,-18.163428146915205,0.07115784470796083
-3.184,12.539,6.884,-18.127435111120505,0.06050690104513449
-6.052,13.843,7.036,-17.08962176360043,0.06416589062197252
-6.286,22.399,6.955,-13.516983343250867,0.06110280562541239
-3.645,21.639,7.036,-15.746527313237372,0.07903416108931385
-3.918,22.324,7.916,-14.198563335345352,0.0715211480248877
-5.798,22.421,7.926,-12.898697011168357,0.052526063809374114
-5.779,13.158,7.916,-17.793506000152266,0.059285399990974236
-3.761,12.393,8.057,-18.10075842359408,0.07289978426386617
-3.759,12.388,6.888,-18.071788085405064,0.06416747488003371
-5.759,13.255,6.988,-17.655281240033805,0.06363969499450689
-5.798,22.421,6.968,-13.637857646249952,0.06420284535555168
-4.017,21.836,7.027,-15.278677963767734,0.08368134592222935
-2.565,20.524,7.447,-16.391210446769787,0.06813393174926825
-2.322,20.683,7.863,-16.48148304805615,0.07032421836118644
-8.02,21.606,7.447,-15.2675188134886,0.11107937746554386
-7.763,21.135,7.927,-15.709674481047738,0.07918516887270105
-7.005,15.113,7.447,-16.49879603299384,0.07904611510869339
-7.116,15.101,7.82,-16.576181876400522,0.08537714427520714
-1.867,14.108,7.447,-17.226973177823595,0.05118676980196442
-1.869,14.271,7.937,-17.232305320809967,0.05306280201856377
-1.804,14.195,6.946,-17.068402425779908,0.049094915989125146
-6.986,15.252,7.095,-16.3148178465093,0.07669598431926156
-7.763,21.135,6.967,-15.769788970661441,0.08867894388781217
-2.581,20.381,7.074,-16.382288208132636,0.06916615448841221
-2.597,20.817,8.271,-16.421282451396042,0.0703851654872834
-2.683,20.837,7.851,-16.279246132742024,0.07056614841526238
-7.446,21.29,8.398,-15.54310782221372,0.062044600593321175
-7.64,21.734,7.968,-14.861306693041637,0.08197466516222116
-6.811,15.059,8.165,-16.461944754882804,0.08653799770635895
-6.729,15.052,7.798,-16.491999401879816,0.07773431742231264
-2.25,14.192,8.398,-17.295989332552868,0.057059624226685646
-2.17,13.911,7.947,-17.48301247313857,0.052014770871353394
-2.135,14.034,6.454,-17.440963344396295,0.04296751050842054
-1.735,13.255,6.864,-17.868994522759202,0.061799185757674444
-6.927,14.902,6.686,-16.198052976478078,0.08686940329375917
-6.843,14.889,7.075,-16.429254146931882,0.08046163455198077
-7.446,21.29,6.496,-15.583977245549619,0.08652366657658017
-7.64,21.734,6.926,-14.86083043120798,0.10774761174796503
-2.828,20.501,6.707,-16.355288014308876,0.0708477163103148
-2.854,20.593,7.075,-16.317920921601143,0.0684433598606623
-2.904,20.651,7.447,-16.254915936994554,0.06559482311827869
-7.626,21.898,7.447,-14.504618635131202,0.10107665891920826
-6.626,15.08,7.447,-16.438601851131487,0.07144160803407239
-1.804,13.171,7.445,-17.929037776380497,0.06799812778080476
-3.304,21.299,7.857,-15.937246718096858,0.06488549959180775
-3.151,20.916,7.447,-16.129668556197714,0.06614949279410667
-6.788,22.211,7.962,-13.44536550576835,0.05994206860040362
-7.205,22.151,7.447,-13.814848060691086,0.08352130277582867
-6.353,14.274,7.846,-16.85815799555072,0.07319226318570807
-6.451,14.742,7.447,-16.577445788442414,0.07119949086864097
-2.636,12.753,8.061,-18.1741652166859,0.07324492551023269
-2.189,12.937,7.469,-18.046603376770783,0.06704380781034824
-2.593,12.769,6.86,-18.17949026659422,0.059528680784786805
-6.353,14.274,7.048,-16.743951562971084,0.0715446780812824
-6.788,22.211,6.932,-13.758872358930342,0.06959204272657928
-3.384,21.116,7.058,-16.088036977198342,0.06805925938196447
-3.008,21.041,7.847,-16.128986433906714,0.06800428701935629
-7.222,21.997,7.963,-14.115669424916709,0.07005537210998639
-6.495,14.788,7.805,-16.582947382713854,0.07470885190905946
-2.572,13.659,7.942,-17.598114218126945,0.05222229338753202
-2.118,13.013,6.863,-18.095621541587025,0.059977789234097995
-6.495,14.788,7.089,-16.48379981223159,0.07107423478246992
-7.588,22.654,6.851,-12.94006208226314,0.1343242625958624
-3.153,20.781,7.078,-16.212194453218235,0.06591335099612186
-3.311,21.124,8.241,-16.110824891869903,0.0570445168744139
-6.831,22.103,8.47,-13.675410503784054,0.050236432734223464
-6.386,14.358,8.241,-16.80385311579265,0.0773283390382581
-2.947,13.556,8.429,-17.624345349399952,0.05764632189220423
-2.947,13.556,6.465,-17.76482364521475,0.0458064861251415
-6.467,14.18,6.612,-16.70523369389779,0.07475656790587343
-6.831,22.103,6.424,-14.187198107401786,0.06539551037526603
-3.351,21.035,6.674,-16.257690166871114,0.06776826928378514
-3.175,21.089,9.121,-16.761409962994676,0.05868843448074446
-2.96,20.817,8.634,-16.49009148353138,0.06422475853468367
-3.213,21.174,8.688,-16.458872128171485,0.05523956435734136
-6.645,21.333,9.243,-15.197665862568108,0.044361405290440345
-7.035,21.303,8.822,-15.441503094982949,0.04695939227473403
-6.769,21.775,8.905,-14.25799759808288,0.04053218133125399
-6.318,14.802,8.917,-16.196139691222047,0.09184412848863993
-6.489,15.07,8.478,-16.29779780841106,0.08442732402856645
-6.32,14.651,8.564,-16.492259726898723,0.0818707590513533
-3.052,14.148,9.243,-17.002961027411445,0.07327308243816896
-2.661,14.179,8.822,-17.15210625385133,0.06536101866174748
-2.927,13.707,8.905,-17.47978183808442,0.0653812209585379
-2.93,13.903,5.528,-17.76012756383939,0.05313956221811615
-2.512,13.936,5.978,-17.78854657030929,0.043922077871282966
-2.927,13.707,5.989,-17.816767084145678,0.04763116775983654
-6.645,14.148,5.651,-16.386131375508164,0.07347874154823207
-6.837,14.503,6.197,-16.115217169549673,0.09054805581130515
-6.606,14.05,6.113,-16.743413166500513,0.07484633252575199
-6.563,21.17,5.732,-16.186405144248937,0.0666040759365452
-7.035,21.303,6.072,-15.747395575801026,0.0737312996515892
-6.769,21.775,5.989,-15.439056458938815,0.06023974946954935
-3.134,21.17,5.732,-16.81316110033297,0.06992302280386373
-2.96,20.817,6.26,-16.50406474661098,0.07422606958293207
-3.254,21.088,6.237,-16.501804145221485,0.06924456818916958
-2.973,20.947,8.249,-16.275378787853832,0.0639163538388301
-7.266,21.875,8.482,-14.471557232045399,0.05547216278817196
-6.526,14.872,8.165,-16.50776444665159,0.07997692332774203
-2.529,13.775,8.439,-17.539825570556374,0.057937521382865134
-2.529,13.775,6.455,-17.67682831027643,0.0438120366689838
-6.625,14.703,6.687,-16.359854223221117,0.07751770495578096
-7.266,21.875,6.412,-14.661129122078158,0.08813612740509671
-3.072,20.778,6.687,-16.342763122067062,0.06963109075684853
-4.848,20.64,10.346,-16.293338493298446,0.0702483342781443
-4.411,20.834,10.103,-16.29484522088388,0.0595800856949943
-4.848,21.297,10.365,-16.099265056114973,0.06977809601044196
-5.285,20.834,10.103,-15.892952605936213,0.07042720437853897
-4.848,14.418,10.77,-14.015304678787064,0.1326922252924504
-5.328,14.346,10.362,-14.642632219932267,0.12655204058814634
-4.848,14.03,10.492,-14.830414500882743,0.11495256978568268
-4.347,14.195,10.491,-14.931626539622675,0.11092555868320679
-4.848,14.559,4.265,-16.891607921579933,0.06475919520806192
-4.369,14.346,4.532,-17.20177736471906,0.05797257758601955
-4.848,14.03,4.402,-17.25970101882737,0.05870230090307589
-5.328,14.346,4.532,-16.634605556356387,0.06348078335305592
-4.848,20.357,4.831,-16.378512588934207,0.1084877262369203
-5.285,20.834,4.791,-16.577776613557134,0.11362290515656513
-4.848,20.601,5.1,-16.36878618942508,0.09364525676576077
-4.362,21.198,4.422,-16.696882867191086,0.1350833523043274
-4.848,21.815,10.169,-15.475515244783587,0.07174953375948483
-4.349,21.571,10.125,-16.10486896403575,0.05467296245936136
-5.337,21.489,10.068,-15.348660721649381,0.07566146267496693
-4.848,13.667,10.169,-15.711013220673966,0.10346220696377958
-5.359,13.83,10.182,-15.258502057545993,0.12630665811161446
-4.328,13.748,10.239,-16.014115823607256,0.0870172816307702
-4.848,13.833,4.836,-17.3415375962706,0.05539544603248442
-4.338,13.83,4.712,-17.577666962756453,0.055177497948077955
-5.359,13.83,4.712,-17.04555670528546,0.06120036603772745
-4.848,21.399,5.002,-16.517842509650215,0.10480316833742606
-5.316,21.326,4.94,-16.690756756760578,0.10298655886125149
-4.455,20.756,5.339,-16.337613069198596,0.08326869877730138
-3.982,20.974,9.814,-16.38664597109414,0.05374523544865638
-5.715,20.974,9.814,-15.501309802496817,0.0663216994404517
-5.778,14.271,9.987,-15.199883051620326,0.12752671145977967
-3.855,14.034,10.161,-16.196125660209514,0.08902544882888032
-3.897,14.192,4.849,-17.28853480109741,0.058191130995917995
-5.799,14.192,4.849,-16.46681639132689,0.062509190156373
-5.736,21.053,5.022,-16.72703536247835,0.09428832449798769
-4.066,20.659,5.311,-16.40072089782638,0.08365231186731265
-3.483,21.517,9.245,-16.74973067231089,0.03987527938555212
-3.567,21.06,9.485,-16.586107497348923,0.053095765870069506
-6.307,21.775,9.368,-14.092090331219413,0.047805994427252294
-6.192,21.222,9.584,-15.18301634894261,0.057559157804340275
-6.09,14.308,9.082,-16.393271437450654,0.088519828693043
-6.098,14.503,9.435,-15.881588089387096,0.10528097885793614
-3.39,13.707,9.368,-17.44749754315125,0.0683547900182636
-3.411,14.017,9.733,-16.943161716771463,0.07979228427065455
-3.39,13.707,5.526,-17.72970846351616,0.05480154426265264
-3.442,14.098,5.21,-17.368496347690233,0.05762083850789433
-6.276,13.793,5.567,-17.17770662211429,0.05720631968673595
-6.254,14.098,5.21,-16.45563027967215,0.06266663004686814
-6.307,21.775,5.526,-16.754206841547198,0.05618476635336618
-6.161,21.141,5.359,-16.609130252903157,0.07406024265239591
-3.514,21.431,5.689,-16.764318691756284,0.06947612214563255
-3.505,21.222,5.31,-16.852335868710107,0.07804699389820605
-3.877,21.622,9.717,-16.390437049901735,0.03991981103690487
-5.82,21.622,9.717,-14.671026768316818,0.06594552598012643
-5.756,14.113,9.569,-15.93581235908155,0.10495637457917845
-3.814,13.607,9.865,-17.38198541060253,0.0695014760660478
-3.835,13.691,5.078,-17.695490995434174,0.058184643214594295
-5.862,13.691,5.078,-17.09934026322917,0.057163619275026875
-5.841,21.707,5.128,-17.174305929396592,0.07800192307565146
-3.94,21.369,5.325,-16.623418492814686,0.08559254139282539
-3.846,22.014,9.389,-16.116477567697626,0.022475757011181652
-5.851,22.014,9.389,-13.84362998413609,0.05663046227884888
-5.746,13.913,9.187,-16.54003135253662,0.08526111172400992
-3.825,13.378,9.43,-17.675132274196113,0.06588767405921529
-3.867,13.556,5.545,-17.7181538312648,0.054215912991908394
-5.851,13.467,5.505,-17.63062985781068,0.053081709173698866
-5.851,22.014,5.505,-16.450993981811163,0.06399214226141703
-3.95,21.569,5.707,-16.431211706223472,0.079145065819329
-4.848,22.062,9.757,-14.856730262188222,0.05765861437444146
-4.334,22.211,9.387,-15.004341407612246,0.02980865671427034
-5.363,22.211,9.387,-13.883941637793669,0.05616600925032869
-4.848,13.419,9.757,-16.462450669262076,0.0949032838415728
-5.352,13.362,9.347,-16.758804494056626,0.09510491852068328
-4.334,13.271,9.387,-17.290748030329976,0.07432115298717991
-4.842,12.892,4.87,-17.975010663115157,0.0756927030301448
-4.282,12.744,5.241,-18.145616717631125,0.07684422582952975
-5.352,13.362,5.547,-17.678973517030343,0.054237413148735286
-4.848,21.974,5.184,-16.294837547729312,0.11051389679284522
-5.352,22.12,5.547,-15.973968605129862,0.08488366254027957
-4.355,22.029,5.586,-16.0826973300123,0.10555551575859146
-4.332,21.997,9.82,-15.595852756260022,0.0433360452136861
-5.365,21.997,9.82,-14.471885150425495,0.0738768750769665
-5.354,13.572,9.772,-16.08069639347919,0.1114814714393593
-4.332,13.485,9.82,-16.85778196974705,0.07780787185720694
-4.353,13.659,5.171,-17.598640262329372,0.05420010060537822
-5.343,13.659,5.171,-17.318842333532256,0.05483817492022139
-5.343,21.823,5.171,-16.58184913562181,0.09207132631872247
-4.395,21.476,5.364,-16.375296012749253,0.09154242376732802
-3.543,21.742,8.329,-15.767502053415118,0.04863834559557216
-6.305,22.207,8.431,-13.25935276844209,0.047474350163558734
-6.123,13.833,8.308,-17.181224917146235,0.0645735329646985
-3.422,13.367,8.411,-17.66707709668824,0.05722700448599506
-3.145,12.654,6.277,-18.27355652123057,0.06202226442656211
-6.123,13.833,6.586,-17.117454565334416,0.06423966198678366
-6.305,22.207,6.463,-14.261982155206613,0.05663688035220132
-3.604,21.556,6.606,-16.113025991515926,0.07503469616803343
-3.517,21.607,8.779,-16.311486737359125,0.03959130301409655
-6.304,21.966,8.903,-13.731498368988504,0.04413992416448628
-6.087,14.145,8.686,-16.789193710668407,0.07412515993441737
-3.393,13.516,8.903,-17.601182129836435,0.061900727721962825
-3.136,12.817,5.722,-18.401998346320223,0.07044215969372504
-6.242,13.696,6.053,-17.401254841952568,0.06070572917644876
-6.304,21.966,5.991,-15.356203589634745,0.052665945083810214
-3.609,21.337,6.208,-16.364055642325063,0.06855884547202849
-3.885,22.114,8.873,-15.310978503469997,0.022402447180605467
-5.832,22.207,8.904,-13.373210122986416,0.0474107275697076
-5.73,13.74,8.752,-17.014106097913306,0.0683705083168198
-3.864,13.274,8.904,-17.64603213110874,0.06340688741142424
-3.721,12.652,5.719,-18.210802346081792,0.07263412755258233
-5.832,13.274,5.99,-17.932081792193426,0.05643543953894037
-5.832,22.207,5.99,-15.209723061988557,0.062098584435701445
-3.987,21.649,6.172,-16.070820915053595,0.07755653911722557
-4.848,17.741,10.647,-15.08989178172883,0.14914811331241007
-4.495,17.741,11.03,-14.803342879868566,0.18701538580777455
-4.848,18.045,10.532,-15.44409415273299,0.12566641780032506
-5.142,17.741,10.433,-15.2463886361414,0.1305850480621097
-4.848,17.408,10.831,-14.567740269559492,0.18232287066908043
-4.848,17.741,4.147,-16.25128012293149,0.09873409116905302
-4.535,17.741,4.262,-16.327859782912114,0.0895995861849804
-4.848,17.408,4.063,-16.235889139208016,0.08921888985949149
-5.201,17.741,3.864,-16.188635816452976,0.11781067339313797
-4.848,18.064,4.163,-16.234151148385326,0.11300744622066464
-4.848,18.346,10.487,-15.704902561354938,0.10990690276030941
-4.504,18.086,10.913,-15.28754822008126,0.15757508365375636
-5.134,18.027,10.319,-15.539895028030932,0.11003294247698514
-4.848,16.98,11.272,-13.449445325652654,0.24432845647363155
-5.154,17.436,10.517,-14.902615405833373,0.1513954856693224
-4.435,17.327,11.606,-13.575846641871115,0.2603170665015077
-4.848,17.039,3.916,-16.132776483205443,0.08519723914346385
-4.533,17.426,4.278,-16.30955096841034,0.07737511977955443
-5.213,17.377,3.783,-16.124494827047222,0.10519013451053615
-4.848,18.424,4.014,-16.204388102845513,0.14283119110576956
-5.213,18.105,3.783,-16.202228618461483,0.1440282615600207
-4.533,18.056,4.278,-16.286210350953937,0.1038595133531374
-4.029,17.741,11.566,-14.531266105273254,0.23470305829585866
-5.453,17.741,10.487,-15.270878437174147,0.13301659733389465
-4.224,17.741,4.308,-16.398299806521408,0.08422749347101965
-5.629,17.741,3.524,-16.15033481765804,0.14051237152896445
-3.432,17.741,10.865,-15.214952321772149,0.1984411970854247
-3.616,18.162,11.44,-15.28185646566892,0.21932705127338536
-3.658,17.741,11.37,-14.728634375608443,0.24114101926547446
-5.843,17.741,9.849,-15.5411713570032,0.1095490344959931
-5.641,18.012,10.014,-15.675104626424766,0.09771871941804514
-5.661,17.741,10.126,-15.442854034923537,0.11609884715625907
-5.699,17.45,10.204,-15.158195692529164,0.13669870627584507
-3.674,17.34,11.25,-14.459961092233645,0.2399442498424158
-3.7,17.741,4.675,-16.17110455164542,0.07861780126623386
-3.939,17.43,4.5,-16.348672555980002,0.06690430048893323
-3.948,17.741,4.48,-16.318011397268904,0.0793320145412689
-6.532,17.741,3.382,-15.39836513233448,0.17074277894708306
-6.14,17.3,3.264,-15.912216313652351,0.12715252956735026
-6.068,17.741,3.428,-15.913116728131094,0.15216525291022867
-6.052,18.152,3.549,-15.900717458691837,0.16951104044614498
-3.909,18.062,4.405,-16.282792414137273,0.09832415956233209
-4.037,18.15,11.445,-15.192744731283074,0.20071167502299678
-5.442,18.041,10.372,-15.612528386881806,0.10833619820192764
-5.462,17.431,10.47,-14.948724929764461,0.15055451175479287
-4.017,17.321,11.542,-14.01941842609137,0.25045453402453877
-4.215,17.421,4.327,-16.403082407388876,0.07097533917184201
-5.62,17.351,3.644,-15.99901693791906,0.11356022571669573
-5.66,18.15,3.449,-16.13644578263868,0.17288534800626051
-4.215,18.061,4.327,-16.32360581577128,0.10023984316908718
-4.033,18.556,11.382,-15.721192181156741,0.1702902286033327
-5.464,18.357,10.422,-15.896042522668075,0.09256867884476383
-5.524,17.065,10.71,-14.33742355256355,0.18846376517192043
-4.014,16.906,11.478,-13.73242628957853,0.24881443537853382
-4.153,17.045,4.088,-16.516850515071308,0.06397371329308177
-5.604,16.986,3.8,-15.78502310705278,0.09566944807000452
-5.584,18.476,3.896,-16.08766645184003,0.15080531586326376
-4.153,18.437,4.088,-16.30380807519868,0.1374353918848627
-4.848,19.119,10.773,-16.215029981189506,0.10042478996910009
-4.848,18.699,10.605,-15.950107040141843,0.10299908633920948
-4.487,18.797,10.869,-15.96374586869435,0.12140348467079706
-5.159,18.651,10.394,-15.97670283332679,0.08855429973281134
-4.848,16.057,11.512,-12.57710114306667,0.22453956098222846
-4.848,16.551,11.37,-13.05239148835074,0.24012386558676782
-5.24,16.596,11.155,-13.318941826800112,0.22705586374381265
-4.417,16.479,11.535,-13.032678014594396,0.24627169624017792
-4.848,16.363,4.121,-16.032852376808844,0.076870362755528
-4.848,16.667,3.906,-15.998522101093073,0.08319795735452598
-4.477,16.655,3.929,-16.21344804276103,0.07665194285238751
-5.209,16.684,4.024,-15.861390862414016,0.08212179036651115
-4.889,19.432,3.148,-15.84107831004788,0.2667814855339685
-4.848,18.931,3.523,-15.962370231347975,0.22391416671219727
-5.387,18.998,3.034,-15.960051042957524,0.26036733815828894
-4.477,18.827,3.929,-16.134214683636163,0.172409459478731
-4.489,18.453,10.957,-15.657824601787212,0.1412729490958522
-5.148,18.335,10.372,-15.77108201450163,0.0988560399545361
-5.198,17.048,10.86,-14.124244691255402,0.1996550425171074
-4.429,16.91,11.542,-13.298911753828294,0.25598133544218427
-4.509,17.068,4.132,-16.30612406481722,0.07250072918453704
-5.218,17.009,3.839,-15.956486737357663,0.09238263552904985
-5.258,18.552,3.449,-16.10364575769158,0.20383414259688226
-4.509,18.414,4.132,-16.252493393393777,0.13249922013955706
-4.848,20.215,10.462,-16.372884930824064,0.07699617608918204
-4.422,20.332,10.464,-16.489933126834806,0.07283622678591355
-5.243,20.138,10.238,-16.162856453780186,0.07403661177605128
-4.848,14.759,11.08,-13.221205653923914,0.1557449541067018
-5.339,14.761,10.917,-13.458028274318728,0.14601654291113147
-4.379,14.891,10.766,-13.89120467952698,0.16004371924996041
-4.848,15.203,4.355,-16.45227438761249,0.07025123203780272
-4.422,15.15,4.43,-16.687502408950966,0.07008271181198482
-5.317,14.891,4.128,-16.24386564016856,0.07686251825200396
-4.866,20.72,3.916,-16.48606671427816,0.18376134356493118
-5.243,20.138,4.656,-16.393688452068506,0.11986589162620429
-4.346,20.763,3.989,-16.57221440032202,0.16288587681310152
-4.045,19.935,10.444,-16.467796438770172,0.08180608378033447
-4.434,19.963,10.625,-16.475294443072045,0.08356418106386962
-5.63,19.877,10.365,-16.158071484406356,0.07951146675450704
-5.242,19.849,10.462,-16.28311565690268,0.08128299785046016
-5.799,15.143,10.996,-13.220484137096761,0.15480656448581934
-5.348,15.063,11.277,-12.665796190645999,0.16088656015956462
-4.003,15.432,10.602,-14.298196942991687,0.17296473930764408
-4.381,15.234,11.032,-13.271360684877692,0.19485844527962504
-4.088,15.662,4.608,-16.520557882276577,0.06767434303391526
-4.434,15.519,4.269,-16.527532864370613,0.0773660354894937
-5.778,15.201,3.977,-15.480363445227574,0.08761057855353765
-5.284,15.405,4.106,-15.99433544282028,0.07960319361659617
-5.673,19.993,4.371,-16.501747324491596,0.1391702648498397
-5.242,19.849,4.432,-16.33308013348714,0.13498894126947622
-3.822,20.436,3.838,-16.523323785358308,0.16951254553387596
-4.323,20.429,3.727,-16.420974979361937,0.18333257910926495
-4.848,19.852,10.607,-16.3940551270783,0.0852875393516322
-4.848,15.13,11.355,-12.56035354354038,0.18026168639676032
-4.848,15.685,4.371,-16.223159371061,0.07119174283803877
-4.883,20.356,3.639,-16.28588341565325,0.2101929736976456
-4.46,19.206,10.822,-16.217087414582668,0.10714725115798085
-4.848,19.391,10.534,-16.252648153813176,0.08696792184896396
-5.205,19.087,10.549,-16.2157146794436,0.08439483920871642
-5.3,16.039,11.37,-12.730108299847123,0.21041999208484147
-4.848,15.62,11.416,-12.549574067762643,0.20132348318139082
-4.386,15.999,11.461,-12.811502772691355,0.23582172882960095
-4.449,16.237,3.98,-16.245872346557096,0.08119856064331364
-4.848,15.902,4.007,-16.11669147162128,0.0841664857053368
-5.247,16.237,3.98,-15.786283940323235,0.08257351876187344
-5.426,19.517,3.221,-16.041057858547774,0.2504215525584337
-4.884,19.913,3.37,-16.0956247470311,0.23475331581016357
-4.329,19.514,3.212,-15.815246425122666,0.2601839659109634
-4.448,19.581,10.747,-16.378100243694593,0.095417746692619
-5.217,19.436,10.487,-16.268768231189043,0.08115721991054126
-5.333,15.513,11.442,-12.390976418566074,0.18222399223558977
-4.385,15.61,11.268,-12.89623342007469,0.22083068842495174
-4.448,15.9,4.147,-16.36626094428139,0.07976654766367085
-5.28,15.755,3.886,-15.82854698182016,0.08723350934367138
-5.238,19.533,4.233,-16.254519744074017,0.14821723888791993
-4.326,19.982,3.441,-16.18345466839933,0.21449363033892355
-4.034,19.319,10.919,-16.305438706175305,0.11400337105159394
-5.538,19.076,10.385,-16.235014504587234,0.07307517285479259
-5.725,16.042,11.186,-13.087102810581552,0.20014677371262826
-4.013,16.122,11.008,-13.864355394565598,0.21120404632060272
-4.076,16.244,4.153,-16.46491898888244,0.07192014577695902
-5.788,15.92,3.441,-15.17378735023536,0.0951648007600905
-5.621,19.238,4.153,-16.26098557323937,0.14520581400547022
-3.81,19.572,3.334,-16.00772588868857,0.23320813193178122
-3.014,19.643,11.307,-16.80040890074837,0.13726627780085968
-3.661,19.63,10.523,-16.44188658504644,0.09852004594138754
-3.669,19.294,10.708,-16.309120792502114,0.11463983191425567
-6.114,19.006,9.978,-16.27242624090626,0.06644296402839014
-5.942,19.481,10.28,-16.225901414502886,0.06963482684897082
-5.872,19.09,10.279,-16.29561572677494,0.06602600975071529
-6.522,16.067,10.795,-13.848083004135859,0.2037436688844868
-6.223,15.554,11.009,-13.328762973974428,0.16833222133627168
-6.09,16.106,10.88,-13.64072522012847,0.19546365988243594
-3.419,16.312,10.305,-15.489339973813363,0.12432878766987682
-3.755,16.001,10.28,-15.118504088812736,0.1342337655862494
-3.638,16.147,10.794,-14.58049457908084,0.18608217700158536
-3.501,16.394,4.753,-16.335392131081164,0.060142673000459904
-3.692,15.902,4.452,-16.576654413307587,0.07234274434398413
-3.731,16.269,4.357,-16.539550721056997,0.06459196898414117
-6.767,15.822,3.609,-13.650771677418444,0.0981402891777106
-6.254,15.504,3.804,-14.622027272974801,0.09371573357413589
-6.276,15.861,3.499,-14.376941281983642,0.09310295577580806
-6.359,19.251,4.426,-16.497023063686264,0.10344240577337227
-6.067,19.679,4.29,-16.631273714732828,0.12736376486975115
-6.028,19.294,4.186,-16.416163232632968,0.1328350385729436
-3.215,19.374,4.181,-15.949773058955406,0.17834338537333172
-3.344,20.037,3.731,-16.391203662685243,0.1840840904786388
-3.354,19.608,3.494,-16.104250800628428,0.2149245498624759
-4.046,19.616,10.653,-16.4044030133933,0.09532037253740964
-5.587,19.468,10.4,-16.25265828877884,0.07484200966750656
-5.799,15.52,11.244,-12.836191071243292,0.17197750189591687
-4.025,15.816,10.738,-14.153975109241458,0.1859717801723393
-4.088,15.964,4.409,-16.471530190219088,0.07026526369162597
-5.777,15.57,3.734,-15.279660697999379,0.09262575570726236
-5.651,19.616,4.241,-16.385583257136396,0.14370608423575784
-3.797,20.024,3.571,-16.29914700366514,0.19569402695911448
-2.452,18.135,10.238,-16.233702305903517,0.15512895525317966
-2.755,17.741,9.998,-16.14634465622862,0.11783723699211054
-6.533,18.018,9.408,-15.832749178593776,0.11515085997934835
-6.498,17.741,9.457,-15.673819869342406,0.12630487944815377
-6.856,17.411,9.785,-15.237839379346351,0.19422201383170593
-2.775,17.4,9.861,-16.186916016493292,0.09809814361438557
-2.775,17.4,5.033,-15.541519183467635,0.09546721097637842
-2.882,17.741,5.051,-15.560890524913402,0.10031282062105991
-7.763,17.261,4.052,-13.802572861246272,0.17296264152136676
-7.64,17.741,4.046,-14.55120339280931,0.16995144932623396
-7.375,18.157,4.505,-15.541315017904477,0.11730445110991755
-2.775,18.082,5.033,-15.422077838582187,0.11867678086824779
-3.015,17.741,10.191,-15.922192998292989,0.1313042118081722
-2.74,18.134,10.462,-15.996623056835023,0.16647057746600674
-6.293,17.741,9.609,-15.625345336465026,0.12055260843649937
-6.273,18.007,9.484,-15.798897383971642,0.10350416029950266
-6.387,17.454,9.647,-15.432225143893064,0.1412383789741572
-3.082,17.411,9.973,-15.950352438018061,0.10746849053817709
-3.182,17.741,4.953,-15.81412315304529,0.0891683442735624
-3.139,17.422,5.002,-15.840280268906978,0.07913773931230383
-7.293,17.741,3.788,-14.720832987883785,0.16900744607774143
-7.526,17.241,3.617,-13.830222538224888,0.17171145490907547
-7.014,18.145,4.35,-15.59149622734247,0.11799468483729489
-3.082,18.07,4.921,-15.686198145050486,0.10828740005141654
-2.173,18.655,11.174,-16.140991837388583,0.23192427357304435
-6.349,18.29,9.498,-15.954577747148159,0.09582095641958632
-6.638,17.086,9.892,-14.979616283478265,0.19510680980969428
-3.059,17.086,9.892,-16.0016204531469,0.09490117302109305
-3.001,17.065,4.923,-15.881398405896249,0.07633607397623704
-7.504,16.769,3.819,-13.495790079734961,0.14277673709508548
-6.927,18.502,4.608,-15.98940238001564,0.0958289935817597
-2.943,18.438,4.844,-15.545162105239516,0.13423716189183246
-3.295,18.92,10.708,-16.15199858443362,0.1412361055195176
-2.579,19.16,11.283,-16.507038009073575,0.1809248141270523
-5.993,18.61,9.85,-16.08656964647184,0.07465457498287986
-6.19,18.585,9.633,-16.076001734467543,0.07979594066814821
-6.361,16.593,10.623,-14.016051517164204,0.22744017255993695
-6.538,16.679,10.199,-14.533800239089057,0.2128645258265326
-3.499,16.717,10.279,-15.4530193895053,0.12641561453052333
-3.258,16.741,10.037,-15.812810252635227,0.10201095357530168
-3.459,16.686,4.529,-16.43086121451057,0.05676017089180507
-3.208,16.71,4.776,-16.19190625414636,0.06372534232727717
-6.769,16.282,3.413,-13.688762310298424,0.09761627536768168
-7.135,16.304,3.723,-13.506980766639,0.11169040575136907
-6.32,18.858,4.357,-16.23020369331489,0.11093331813754537
-6.638,18.866,4.533,-16.276961941527773,0.09425334928938434
-3.377,18.858,4.357,-15.876599092057381,0.15845769360459286
-3.009,18.897,4.452,-15.606153892699574,0.17369317208861046
-2.924,18.564,10.738,-15.997373417408935,0.17461735872958473
-6.131,18.29,9.641,-15.931975936107854,0.08872874318950866
-6.427,17.065,10.147,-14.730492295233253,0.20017717290085707
-3.319,17.086,10.063,-15.747694992233706,0.11037853174567261
-3.319,17.086,4.831,-16.107960976830768,0.06515809675788686
-7.168,16.749,3.481,-13.720004901850189,0.12741301258099458
-6.625,18.501,4.409,-15.989764117933035,0.10680905473048558
-3.269,18.417,4.747,-15.794967875657376,0.12226641338200334
-3.189,18.597,11.097,-15.902783886691422,0.18625062987628915
-5.9,18.284,9.762,-15.893359357759715,0.08440770962710545
-6.143,17.073,10.296,-14.700257763921972,0.18505164512499525
-3.513,17.052,10.385,-15.395228063166817,0.14009075693414846
-3.594,17.093,4.687,-16.26610341112918,0.059762514482765455
-6.75,16.759,3.262,-14.187247099666282,0.1097698346126667
-6.345,18.514,4.153,-15.994714282003951,0.12675477334698876
-3.554,18.409,4.598,-15.990059548098355,0.11743651584586107
-3.246,17.741,10.445,-15.648552556133112,0.15371554632248993
-3.225,18.171,11.187,-15.371024011346636,0.22581687622961005
-6.074,17.741,9.74,-15.582722348029602,0.11444573491795987
-5.878,18.014,9.819,-15.732196541480748,0.09664239066733463
-5.917,17.457,9.91,-15.321702971163303,0.12838933646276357
-3.502,17.384,10.549,-15.331381756812721,0.16065327922646158
-3.481,17.741,4.889,-15.995105070166833,0.0800975483742439
-3.661,17.426,4.71,-16.20554393754609,0.06711373284681793
-6.922,17.741,3.567,-14.963359509905153,0.17231065156194894
-6.63,17.268,3.342,-15.038755832691741,0.13794722126945563
-6.432,18.161,3.798,-15.683243208717776,0.15474757164401443
-3.661,18.056,4.71,-16.071404418023,0.09281251586423159
-3.008,18.141,10.747,-15.702332867531208,0.18897314959501332
-6.059,18.004,9.618,-15.764682799173803,0.09791650531445711
-6.156,17.456,9.792,-15.369449461758926,0.1347893541296842
-3.298,17.404,10.226,-15.69684103285978,0.1284965554134657
-3.395,17.425,4.841,-16.053770688513993,0.07180630449678377
-7.125,17.246,3.365,-14.271713668004644,0.1576458524234375
-6.689,18.141,4.147,-15.643039320541561,0.12765582808813963
-3.395,18.057,4.841,-15.90826214373142,0.09706212268920189
-4.028,18.955,11.169,-16.087149574936085,0.1391668789708474
-5.484,18.682,10.332,-16.080865877016908,0.07875082988215745
-5.627,16.588,10.983,-13.597742110667458,0.21537762395660304
-3.987,16.466,11.355,-13.593248730679862,0.23964860080118022
-4.09,16.618,4.004,-16.472136922499818,0.06645790061367597
-5.648,16.557,3.818,-15.568288553111298,0.08792077332119327
-5.783,19.153,3.148,-16.052815911273967,0.2441014216502999
-4.09,18.864,4.004,-16.13758095895478,0.16774924877744146
-3.609,18.98,11.043,-16.159217758974183,0.143212725214458
-5.747,18.639,10.054,-16.073406041605036,0.07335442689202595
-5.994,16.595,10.773,-13.909175531758773,0.21110678612445188
-3.671,16.564,10.863,-14.636748568100106,0.18940589084672835
-3.733,16.626,4.211,-16.59100813734318,0.056935767735311366
-6.242,16.347,3.402,-14.678873955857835,0.09007472512890216
-5.994,18.887,4.121,-16.197551083669424,0.13580365293509344
-3.702,18.887,4.121,-16.05631500953629,0.16445200892045247
-3.604,18.581,11.262,-15.823222532970039,0.17771126696352985
-5.698,18.315,10.052,-15.892309030348713,0.08486918290348217
-5.819,17.085,10.425,-14.660575227548746,0.17300670689182357
-3.725,16.982,10.89,-14.706128992838455,0.19524980703949377
-3.877,17.085,4.469,-16.396359213274227,0.05869973497581746
-6.184,16.839,3.353,-15.361382469869422,0.10111422225355376
-5.941,18.479,4.097,-16.029920051195226,0.13238452038756668
-3.847,18.417,4.376,-16.168855207273705,0.12091985275466677
-2.223,20.366,8.259,-16.729403164011966,0.06904304014993476
-7.819,20.711,8.366,-16.24885905663267,0.08256272606879365
-7.266,15.323,8.195,-16.446202519059355,0.09161958472609917
-1.878,14.771,8.366,-16.96457585884962,0.06183112071213928
-1.74,14.632,6.485,-16.583759853459494,0.047563532670261116
-7.059,15.53,6.763,-16.02032407709196,0.08028624977035033
-7.819,20.711,6.528,-16.287380969457917,0.08429261845314194
-2.292,20.297,6.656,-16.446956904446687,0.07993706388462526
-2.052,19.753,9.05,-16.673286636692705,0.1150173078090872
-7.424,19.594,8.923,-16.225895115235506,0.12451658397243572
-7.35,15.94,8.881,-15.982949028627736,0.12046309753948359
-2.052,15.728,9.05,-16.593542656981185,0.07258156613208784
-1.684,15.464,5.633,-15.126951966171532,0.08068147717201499
-7.424,15.887,5.971,-15.027429315286266,0.12184975752196647
-7.645,19.753,5.844,-16.47779883941184,0.08103572400140074
-2.052,19.753,5.844,-15.90819699043883,0.10221546436608717
-2.254,19.952,8.605,-16.668234494955417,0.08177097941975661
-7.587,20.074,8.67,-16.323208662642934,0.10289650776540435
-7.299,15.653,8.541,-16.18503055327747,0.10118920669355974
-1.894,15.223,8.766,-16.788134557916784,0.07423188695334017
-1.677,15.039,6.031,-15.946361268977029,0.05513926865919298
-7.155,15.776,6.417,-15.65163862896914,0.09156032103821019
-7.659,20.136,6.192,-16.4109351512053,0.07988938468571977
-2.254,19.952,6.289,-16.18408355380094,0.08534525795274672
-2.418,20.171,9.067,-16.737658101710554,0.09651359638938435
-7.215,20.107,9.025,-16.313900253186702,0.09100328112447423
-6.959,15.63,8.854,-15.946937882570763,0.10836851849653761
-2.482,15.374,9.025,-16.615640514233213,0.06888218180277465
-2.098,14.991,5.613,-16.397001623201056,0.058348401685526435
-7.215,15.374,5.869,-15.0529400433906,0.1205299691827612
-7.407,20.299,5.741,-16.371176278823718,0.08204786144925938
-2.418,20.171,5.827,-16.233108093133104,0.09375442616495154
-2.783,20.611,9.092,-16.742878368219692,0.07951070387498627
-7.073,20.832,9.219,-16.388893519493887,0.05878123050812306
-6.649,15.239,8.881,-16.027308844272113,0.10100480625903771
-2.783,14.871,9.092,-16.69904494753788,0.07155826880312968
-2.518,14.503,5.591,-17.26035414543861,0.05037385586182351
-6.967,14.797,5.76,-15.396360916129082,0.10460870792071371
-6.914,20.611,5.802,-16.172881106024473,0.07202127829841318
-2.677,20.758,5.717,-16.596759475898267,0.08564220378047845
-2.515,20.48,8.67,-16.692308589647524,0.07620233517146362
-7.427,20.768,8.798,-16.338928849320695,0.06880314791586445
-6.813,15.435,8.477,-16.183391320590932,0.09090096118207114
-2.331,14.786,8.766,-16.9054548137645,0.06733041168162143
-2.146,14.57,6.031,-16.995268843514754,0.044375345642316905
-6.998,15.219,6.321,-15.746841741880829,0.09423686893672487
-7.489,20.84,6.063,-16.149460961913636,0.08634950984427256
-2.515,20.48,6.224,-16.4502829074675,0.08491811625436882
-4.058,20.297,10.003,-16.390576843470495,0.06550797997920246
-5.639,20.297,10.003,-15.920639370732932,0.07098640481346195
-5.789,14.702,10.486,-14.179511392741958,0.1415036707808969
-3.929,14.771,10.417,-14.838452849652366,0.13876261429122755
-4.015,15.047,4.753,-16.757780841887534,0.06485279202945564
-5.789,14.702,4.408,-15.89235990122543,0.0744129801775351
-5.703,20.504,4.684,-16.624328457284033,0.1184000848639242
-4.079,20.228,4.96,-16.347529666220634,0.10042612172948304
-3.203,20.611,9.512,-16.675922653423093,0.07242477015009027
-6.367,20.39,9.353,-15.834492126744887,0.06223816388044422
-6.494,14.871,9.512,-15.653865764556844,0.11954933969873593
-3.161,14.797,9.565,-16.409432410480477,0.08613397745980762
-3.119,14.724,5.276,-16.875255916822216,0.0604250663375539
-6.704,14.503,5.117,-15.403282705204177,0.08391176989013352
-6.578,20.758,5.276,-16.468584962435923,0.0791289119812411
-3.077,20.832,5.223,-16.772161140397962,0.08559842374160166
-3.658,20.407,9.719,-16.466354689425835,0.06548064279262573
-6.007,20.335,9.658,-15.791135035780716,0.064797678782834
-6.232,14.642,10.087,-14.858909093147018,0.14110190585566917
-3.497,14.714,10.026,-15.842007998444771,0.10924602131211535
-3.561,14.858,4.991,-16.8029840587761,0.06423212257939728
-6.264,14.57,4.745,-15.619717373537206,0.07477641771848874
-6.135,20.624,4.991,-16.658999642743876,0.09156351898387882
-3.497,20.768,4.868,-16.72833836931687,0.10105355271891775
-3.271,20.107,9.813,-16.54398895306929,0.08335449763342953
-6.341,19.98,9.686,-15.966801611074434,0.07064429053677025
-6.639,15.055,10.133,-14.802694567835466,0.14422522047746883
-3.313,15.438,9.75,-15.995761225664928,0.09201641847559736
-3.313,15.438,5.144,-16.458909974548025,0.06441354475999722
-6.725,14.927,4.633,-14.689119162595011,0.09282085110246538
-6.426,20.107,5.08,-16.540457694711357,0.079110417480534
-3.1,20.363,4.825,-16.537770576178193,0.11145113064779148
-2.927,20.24,10.902,-16.980865147653923,0.1161014577856985
-6.198,19.436,9.802,-16.175429504362164,0.06712592334925402
-6.578,15.57,10.464,-14.316620524318544,0.16004257374717495
-3.456,15.993,9.876,-15.7387724462208,0.09680879010358645
-3.33,15.834,4.798,-16.418495135654723,0.07042273609608647
-6.747,15.358,4.135,-14.133224358795907,0.09762663449987005
-6.451,19.753,4.65,-16.735256123414896,0.08947070294199294
-3.203,19.806,4.577,-16.211413662781467,0.13695162926500276
-3.285,20.586,10.815,-17.06344180007973,0.09079279497483043
-5.942,19.829,9.897,-16.00952680185278,0.067906617093869
-6.264,15.039,10.618,-13.881156229889601,0.1509278770385057
-3.69,15.53,10.041,-15.416469786935817,0.11615113439253157
-3.722,15.592,4.925,-16.50288011278036,0.06322881004457895
-6.264,15.039,4.276,-15.041201404093021,0.0860302306714214
-6.039,20.013,4.78,-16.57559288000479,0.09873431634980297
-3.658,20.013,4.78,-16.313327275534135,0.11434913515246872
-2.016,18.617,10.279,-16.232313933616627,0.1986723732545032
-6.782,18.339,9.381,-16.020119122674224,0.11825851837343934
-7.128,17.036,9.726,-15.176924846622846,0.21796225376404563
-2.638,17.057,9.657,-16.31388961880676,0.07800457684747991
-2.431,16.993,5.029,-15.214645664354475,0.11118231470824702
-7.888,16.801,4.408,-13.4993746861598,0.1574120418509419
-7.404,18.532,4.891,-16.010969503395362,0.0914284783048045
-2.154,18.574,4.753,-14.785502068892605,0.18325228421219375
-2.422,19.715,10.925,-16.71303317134167,0.15981281920622342
-6.49,19.049,9.728,-16.347197578383618,0.07666178846128249
-6.914,16.096,10.317,-14.726303669161414,0.20096823469816516
-3.048,16.307,9.949,-16.082461108077556,0.08660511584913322
-3.154,16.391,5.092,-16.057215136579757,0.0661027170383522
-7.232,15.843,4.135,-13.442186801938735,0.11257563640904843
-6.808,19.302,4.724,-16.581334701420438,0.07746665820628226
-2.73,19.428,4.503,-15.830259190168551,0.16721773025843087
-1.986,19.199,10.847,-16.35913944708065,0.21140591945399442
-6.629,18.674,9.537,-16.208376266635838,0.0959112514090652
-6.936,16.647,9.897,-14.96994142522901,0.21184873082176814
-2.883,16.711,9.753,-16.191144433432402,0.07792989910887885
-2.945,16.743,5.213,-15.776032972560605,0.07397537326602213
-7.612,16.293,4.204,-13.216518230932929,0.133781092574794
-7.059,18.899,4.852,-16.309791134573356,0.07881485665229324
-2.454,18.996,4.636,-15.294673666026792,0.1815602919829663
-1.852,19.741,10.43,-16.503893079037347,0.20173516241498535
-6.639,18.935,9.238,-16.14643730453485,0.09009981564131758
-7.087,16.249,9.686,-15.407522217316597,0.17516765787696803
-2.546,16.206,9.75,-16.5415567220465,0.06708739981149389
-2.738,16.334,5.336,-15.68911157292793,0.07896932085463962
-7.727,15.822,4.569,-13.074887498635478,0.14477530878673137
-7.343,19.404,4.953,-16.666587720215414,0.07049012586837505
-2.162,19.532,4.761,-15.818950737962076,0.14856697944816963
-2.052,19.344,9.459,-16.446762443575103,0.14194602341256446
-7.056,19.006,9.036,-16.135208806409985,0.11548020694030983
-7.35,16.307,9.248,-15.809135671638636,0.15364477860060416
-2.052,16.138,9.459,-16.635603209533798,0.06843927435661898
-1.905,16.054,5.329,-14.644045305312405,0.12200574926864971
-8.086,15.885,5.117,-13.213542322408983,0.18730840662524878
-7.792,19.428,5.329,-16.63147020190003,0.08433961329499778
-1.757,19.513,5.223,-15.543210789541504,0.12628001078850767
-1.438,19.2,10.297,-16.101783340485,0.2543175452984696
-7.01,18.706,9.289,-16.15948874114759,0.12366612463453475
-7.299,16.647,9.535,-15.54242237803155,0.19168872252645397
-2.326,16.615,9.596,-16.545246876329646,0.0649312943052717
-2.398,16.647,5.359,-15.190378706063758,0.09991054069324556
-8.019,16.325,4.745,-13.274521213615976,0.16054205932122273
-7.659,18.996,5.052,-16.455742476001447,0.08149925774860003
-1.821,19.092,4.868,-15.124024538238928,0.15494121394918853
-2.853,20.135,9.442,-16.606428996121156,0.09100604043837793
-6.789,20.07,9.388,-16.148085433474684,0.0782821510247727
-6.843,15.347,9.442,-15.604966339922118,0.12783335193023385
-2.746,15.218,9.55,-16.556520930976973,0.08383732784541859
-2.638,15.088,5.236,-16.479517386376397,0.06966547126171652
-7.167,14.959,5.129,-14.39048255115362,0.12144537984197416
-7.005,20.329,5.29,-16.408914893539592,0.0785171813161008
-2.692,20.329,5.29,-16.37115908675368,0.0996332253726934
-2.359,20.302,10.468,-16.86812713754788,0.15138053720642564
-6.466,19.358,9.388,-16.162686115496662,0.07486371712573825
-6.951,15.638,9.97,-15.212904138307191,0.15453348698590816
-3.015,15.908,9.647,-16.204529574706324,0.07725856328609187
-2.907,15.8,5.118,-16.113881504397018,0.07475308994965331
-7.167,15.423,4.665,-13.935104755294109,0.11553875998739851
-6.951,19.844,4.924,-16.70570628100775,0.07256004970917906
-2.638,19.951,4.794,-16.232253207188197,0.12898171761235216
-2.454,19.736,9.442,-16.548451126215358,0.11431921120448213
-6.854,19.412,9.118,-16.178360594637255,0.09233826303922577
-6.983,15.962,9.226,-15.68891939164881,0.1307167531593289
-2.39,15.692,9.496,-16.659808729938824,0.07385052672248488
-2.26,15.584,5.29,-15.638375536107329,0.0884561821223375
-7.63,15.423,5.129,-13.591379565905193,0.16386734251638874
-7.436,19.898,5.29,-16.583937797043653,0.07885850587544618
-2.196,19.951,5.236,-16.034046923427283,0.1165645271152836
-6.407,17.26,9.897,-15.127417522695898,0.16904880653977328
-6.15,17.265,10.044,-15.069474643023055,0.15912900637333546
-5.868,17.271,10.167,-15.026842218207214,0.14964846431591183
-5.933,18.85,10.065,-16.21071072908284,0.06778327120826166
-7.083,17.565,9.506,-15.565376549667535,0.18156561958747375
-5.612,17.258,10.457,-14.795930744926892,0.1609444822166083
-7.24,19.3,8.98,-16.169174368447358,0.12181653374285971
-6.601,19.682,9.361,-16.141556508941765,0.076452950112752
-7.381,19.088,8.956,-16.106216057840992,0.14072176594339145
-6.97,19.696,9.029,-16.178944845511534,0.09126133125982028
-6.795,19.709,9.226,-16.177000780963876,0.08385507528380401
-6.403,19.669,9.537,-16.10748702094216,0.07077840895888335
-8.115,17.254,6.936,-15.731171763017288,0.13985788888774242
-6.993,15.216,6.725,-16.099383232357248,0.08348453397427488
-7.966,16.901,6.583,-15.501752076397176,0.13167323114081353
-5.001,17.237,10.747,-14.482997399664065,0.17998103015045439
-4.672,17.893,10.781,-15.153824892433109,0.15466402274814944
-2.323,17.019,9.591,-16.50166222578816,0.07313125895698733
-3.242,16.113,4.945,-16.243976536493925,0.06650886924343986
-2.454,18.103,5.074,-15.115091500642786,0.13267745698383626
-5.004,18.885,10.584,-16.09261837748675,0.09337344177078542
-3.03,16.095,5.105,-16.076218446725054,0.07068034459803568
-3.664,16.86,4.449,-16.453502873570827,0.05550695053639104
-2.596,16.04,5.394,-15.67616314374077,0.08111554300560846
-2.618,18.485,4.868,-15.262472984651584,0.15145657120655842
-6.913,15.854,9.534,-15.483164628703857,0.1425043832462826
-3.628,18.648,4.359,-16.034817028652547,0.13980380119223956
-5.713,16.851,10.657,-14.231370433367243,0.1921659432010896
-7.185,15.575,6.143,-15.382774300074985,0.10575744629554992
-3.983,16.851,4.237,-16.487824874858347,0.0589567409642775
-6.394,16.829,10.385,-14.341765342856856,0.2202564498620333
-2.534,18.307,4.962,-15.184574381175176,0.1430255438131816
-6.913,15.654,9.334,-15.634654135888585,0.12862646390241378
-6.069,16.834,10.535,-14.308518067808993,0.2018571655399738
-2.432,16.257,5.412,-15.379818808410466,0.09147884559326518
-6.901,15.489,9.148,-15.78590668897493,0.1189496328367716
-2.907,15.595,9.571,-16.353031301820927,0.07774967460534914
-8.172,17.575,8.658,-16.00621142633741,0.20596242772465922
-7.502,20.035,8.212,-16.156097865460104,0.08711656606975737
-8.068,16.818,6.152,-15.055773527222435,0.14977966076422133
-6.55,15.092,9.17,-15.878173618461219,0.1081326475174181
-3.584,16.452,10.494,-15.143959792161477,0.14736055399472767
-3.592,16.808,10.624,-15.067271747748693,0.16287074196208
-8.395,17.573,6.909,-15.70293087214089,0.16216518252337198
-7.938,16.456,6.143,-15.02995416258719,0.14237412474978683
-8.238,17.222,6.561,-15.420512869611555,0.15669327343465367
-8.431,17.574,7.633,-16.042493024543745,0.16830555827167396
-2.085,16.6,5.459,-14.763755992001366,0.11404913177938453
-4.679,18.629,3.971,-16.178493063441348,0.1580741042626973
-7.594,19.753,8.59,-16.23240117043594,0.11445676856982775
-5.377,16.845,10.885,-13.91255461591388,0.20616931686971116
-2.729,18.701,4.776,-15.390311252748429,0.15752088104404263
-3.011,17.941,10.469,-15.807249326814558,0.16066019225641298
-8.167,18.991,8.015,-16.215371388933665,0.13823428039342012
-2.702,15.8,9.571,-16.46029234205105,0.07260373954924303
-8.431,17.574,7.261,-15.88055299358555,0.16481822305486993
-7.741,19.947,7.628,-16.223023498587114,0.08353223943503982
-8.201,17.562,8.866,-15.934901873458655,0.22648544025119788
-2.175,17.949,4.982,-14.76532066754966,0.14868532362364856
-4.296,17.913,11.092,-15.007032709484687,0.18502487994176975
-1.526,17.946,9.044,-16.344173315323516,0.11838381930737989
-1.777,18.339,9.406,-16.350734140313687,0.143661274711118
-2.616,15.719,5.231,-15.905428053429336,0.08115129359889303
-6.726,16.387,10.258,-14.537156488455132,0.21511274298068836
-6.892,14.901,6.275,-15.887146932291175,0.09250759063638896
-6.925,16.371,10.107,-14.828254718719347,0.21297364244586203
-7.855,19.793,7.628,-16.277676470250576,0.08945529824414249
-8.045,19.484,7.626,-16.327427567365156,0.10189023431935613
-7.66,19.986,8.014,-16.195216372816574,0.08905856105995334
-7.571,15.992,5.676,-14.579648727944116,0.13876461797532813
-3.642,15.23,9.942,-15.607952003810238,0.10856626272587265
-4.051,15.355,4.68,-16.62951022646628,0.06719516838620201
-3.029,15.328,9.65,-16.298065374372,0.08574150495040107
-2.826,15.509,5.231,-16.207217238942448,0.07227998504651438
-8.119,19.333,7.625,-16.327478716485842,0.10810622317677217
-7.359,18.948,4.952,-16.379400605747403,0.07761482586450272
-7.0,16.172,10.001,-15.10997925190824,0.1905590635765072
-3.029,15.328,5.244,-16.419995727892726,0.06635043361872502
-3.603,17.367,10.852,-14.970400361153654,0.19477536143416216
-8.283,17.575,8.497,-16.05158491631354,0.20317524209863996
-3.658,15.261,4.988,-16.619344683586455,0.06356689802380136
-8.421,17.566,8.359,-16.084662275573947,0.20487919539041397
-7.398,15.763,5.657,-14.654984867163016,0.13180349574849942
-2.304,18.339,4.913,-14.937276781277351,0.15854943400685223
-8.494,17.569,8.0,-16.118673244043684,0.1869232984271889
-4.052,20.11,4.666,-16.343600865098125,0.11810159348325593
-7.019,15.943,9.828,-15.33524271839369,0.16497282461186402
-5.023,16.829,11.019,-13.747119876686085,0.21507612246282787
-6.489,16.414,10.415,-14.293975631392431,0.2118107866551961
-3.275,17.946,10.725,-15.512796640165284,0.18244408749502233
-2.188,16.371,5.37,-14.974906485257815,0.11002093640827786
-7.946,19.648,7.626,-16.308386564022076,0.095043206139431
-3.868,15.319,4.839,-16.627059814266516,0.06482390213139096
-6.461,14.528,6.861,-16.55093519146612,0.07284515208400753
-6.64,20.501,9.223,-15.938651744707323,0.06267460418059395
-8.201,19.16,7.625,-16.31625091839387,0.1157031342763708
-4.273,18.297,11.152,-15.434128196398103,0.16746199069543316
-2.1,17.741,4.976,-14.653747073610209,0.14829329287811924
-3.628,19.871,4.495,-16.270697335337744,0.1345140784064989
-6.087,20.318,4.886,-16.62230580011566,0.09535250516331538
-2.143,18.135,4.965,-14.742969009783948,0.15540178379584182
-6.878,20.377,9.261,-16.1730111476688,0.0717054446983598
-6.699,15.265,9.724,-15.334207330791024,0.13304824633763576
-6.982,15.008,6.04,-15.554108868416286,0.10213575704329439
-6.716,20.218,5.185,-16.501333163456003,0.07603348247447361
-3.492,19.117,4.186,-15.971202301482077,0.17008088817434097
-8.517,17.561,6.51,-15.445201566912612,0.17458315708708017
-6.424,20.699,9.217,-15.693873272979044,0.05611365284483015
-2.573,19.817,9.738,-16.56871871918419,0.11964678893424324
-2.25,16.047,5.361,-15.24271559264167,0.09989520374424948
-3.609,20.318,4.886,-16.445125806770967,0.10544946057802042
-1.982,17.554,5.045,-14.472072028523145,0.1480087368255403
-6.233,20.685,9.394,-15.64038492528572,0.05821517425363852
-2.981,20.003,9.924,-16.59803306780661,0.10049469365396085
-6.208,14.652,9.176,-16.071383070051578,0.09719402429164956
-5.259,20.448,10.138,-16.055014810579298,0.0710330195426513
-3.237,15.118,9.657,-16.185930446765838,0.08919969052517511
-5.85,20.615,9.707,-15.674084969795262,0.06414018720107095
-7.091,15.086,5.814,-15.175391892537748,0.11456774616514433
-1.448,19.089,6.452,-15.303687568168758,0.10665084631094196
-4.03,20.596,9.88,-16.382057470426826,0.05957668937216155
-4.255,15.406,4.519,-16.597736756470987,0.06999967713213273
-7.326,15.479,5.58,-14.587479033830267,0.13423492655052788
-3.82,20.426,4.975,-16.447698095612072,0.09928247168981452
-8.54,17.574,7.447,-15.95518237480768,0.17547803668132314
-2.773,20.016,9.738,-16.617329562649765,0.10608625715163061
-7.742,20.005,7.841,-16.21805374611951,0.08710122411958458
-7.091,20.396,9.079,-16.287286679910395,0.0751909441272479
-3.846,15.481,10.322,-14.91360799406002,0.14347046045018913
-8.522,17.573,7.083,-15.761669976105143,0.17416050776294575
-5.666,20.596,9.88,-15.760942601492149,0.06788770591662682
-8.348,17.162,6.109,-15.015674119527972,0.1704124763148496
-7.11,15.264,5.58,-14.867890654252891,0.11796607001944151
-4.651,17.377,11.119,-14.209638251829846,0.21444310650695408
-3.437,15.148,9.826,-15.905108994073647,0.09943872904195758
-6.052,20.657,9.546,-15.629470636952465,0.060935031214681246
-3.237,15.118,5.236,-16.607713029447908,0.062375799187803144
-6.205,14.479,8.823,-16.46697832538878,0.0840818089793997
-2.372,19.591,9.724,-16.501314042605866,0.13349391472955108
-6.554,14.506,6.446,-16.401939726030612,0.07660135436154966
-3.842,15.254,10.126,-15.224707742062858,0.12393755167701058
-7.831,16.142,5.633,-14.353014997337812,0.15601619130998587
-6.186,18.32,3.947,-15.896377766584056,0.1420494887374223
-6.882,14.702,6.442,-16.12704897885088,0.09070778192034819
-3.216,19.983,10.102,-16.576207207418804,0.09451813708877713
-4.27,18.667,11.078,-15.833379953460298,0.14296904203184949
-6.481,20.396,5.205,-16.49382879544678,0.07813109139386608
-3.628,20.693,9.577,-16.491764131000735,0.05967165287251857
-2.147,18.355,9.962,-16.32478367516393,0.15801467760484672
-3.437,15.148,5.068,-16.63399649141872,0.06460657941227713
-5.259,20.448,4.756,-16.463173302387542,0.11474118798262828
-3.879,15.716,10.441,-14.733133345601217,0.15479690211170805
-6.746,20.685,5.539,-16.283180111668855,0.07429288018118099
-1.19,19.05,7.653,-15.9528097131843,0.1048075418215782
-3.82,20.691,9.767,-16.45301856464113,0.059099149937169984
-2.139,19.417,9.764,-16.444496808025647,0.15332365220537783
-4.219,20.978,5.381,-16.404293045805854,0.08266389121377479
-5.422,18.71,3.723,-16.107473528800806,0.17794853900177388
-5.067,20.595,4.811,-16.459888776827135,0.11137832149458123
-2.188,15.299,8.895,-16.71360102241659,0.07129020540632722
-7.632,15.887,5.466,-14.216488566874219,0.15080370939038346
-2.124,19.852,5.54,-15.945231340234177,0.10932428302419053
-5.996,18.316,3.823,-15.953016029539306,0.15161508401931562
-3.817,20.859,5.36,-16.515597430636056,0.081252459091717
-4.848,18.677,3.769,-16.125211013891988,0.1816355052457992
-7.721,20.216,8.048,-16.202789792113656,0.08667199518995314
-5.462,20.565,10.053,-15.906056426102786,0.07115492522423628
-5.053,18.488,3.732,-16.159890351849292,0.17295836640486367
-2.466,18.371,10.459,-16.15022975622774,0.17715869331377715
-2.234,18.376,10.259,-16.268558535394675,0.17475153372455624
-8.574,18.691,8.04,-16.231552451270638,0.16808004406365568
-5.064,15.72,4.128,-16.051277820572324,0.07914694502986257
-7.476,20.385,8.718,-16.335242079606402,0.08518840211736545
-4.234,20.565,10.053,-16.366279140427924,0.06158728623243724
-2.406,15.08,8.895,-16.749217489975592,0.06914185978643989
-6.774,15.378,10.02,-15.033000736061746,0.14509072688442987
-8.018,16.345,5.673,-14.361066681250783,0.1634315405743138
-1.73,16.709,5.36,-14.059340316901853,0.14441489842672742
-4.27,18.118,11.179,-15.207376447002561,0.18033718380838049
-7.512,20.416,6.16,-16.294560694404005,0.07943042062966436
-8.618,18.684,7.652,-16.297878399036904,0.14905192752148488
-3.798,20.677,5.12,-16.523759638124865,0.09108926983478927
-4.663,19.068,3.794,-16.060308859767957,0.19340567398406755
-1.416,18.364,9.172,-16.333531564340614,0.15220324014216297
-3.539,17.947,11.105,-15.168810553834817,0.212347347808369
-5.849,16.338,10.935,-13.590996184780904,0.20544468623414758
-3.379,20.188,4.802,-16.4113720579893,0.11336807947754132
-4.254,19.114,3.855,-16.070657141603203,0.18932961229610332
-5.818,18.314,3.723,-16.01826764481365,0.15936748539995796
-5.045,20.389,10.292,-16.220508879561677,0.07304258509625482
-1.776,19.584,5.809,-15.65747261678625,0.11062068068151296
-5.043,19.776,4.136,-16.261644108833423,0.1615193668057578
-2.174,19.028,4.783,-15.225564040890596,0.16863841242651145
-3.847,19.143,3.959,-16.067679437355675,0.18115565934597191
-1.941,19.612,5.56,-15.709091022447268,0.11339066182676563
-6.746,15.833,10.391,-14.553768481915602,0.17621843198442555
-3.867,16.739,11.076,-14.259532552951978,0.21360114478440514
-2.547,20.465,5.772,-16.405339374668596,0.09101266340929944
-8.621,17.569,7.82,-16.087996088890495,0.18986625791709608
-2.307,20.061,5.532,-16.11696303299291,0.1045513307273835
-7.29,20.402,8.895,-16.33247756363118,0.07977056338918387
-8.618,18.684,7.242,-16.308533248132,0.13536091011940418
-3.494,21.336,6.832,-16.09011687982521,0.07147497742058893
-1.858,17.337,5.145,-14.251018846105623,0.14910725870543656
-5.066,20.841,5.105,-16.423911619458593,0.09430984534886916
-5.842,17.153,3.627,-15.791726238980612,0.10748560707803767
-4.43,21.072,5.376,-16.360015855329873,0.08440807659439672
-5.264,19.468,3.924,-16.202102370899865,0.1776954703006735
-6.935,17.941,4.051,-15.323339911475149,0.13871532000261458
-2.045,14.938,6.095,-16.39766659950095,0.05011409462834228
-1.415,19.169,8.895,-16.42579918884651,0.14827255701016143
-7.339,15.476,4.956,-13.937032723676602,0.1315519739308716
-7.324,15.713,4.745,-13.829935226489019,0.12426240594744618
-5.72,20.779,4.853,-16.68011637920926,0.10629779846458777
-1.271,16.303,8.474,-15.979770311627288,0.07744176916712225
-8.615,18.894,7.236,-16.401169406065268,0.1267230477486796
-8.193,19.779,7.536,-16.444003580297327,0.09678372164719104
-7.668,20.358,8.507,-16.314664557204853,0.09012320507576524
-5.458,19.149,3.763,-16.154552996044416,0.18550234929995885
-7.263,17.943,4.275,-15.237954201368659,0.13260286857928377
-1.904,14.796,6.999,-16.527689326149734,0.048187599048668345
-2.4,19.742,4.777,-16.047704449012404,0.13908366095818037
-6.876,15.039,4.972,-14.697146423892768,0.1004942812362743
-7.339,15.25,5.182,-14.115180079601824,0.138219675315919
-5.458,16.333,11.131,-13.251105512087987,0.21325584337059583
-3.549,14.6,5.175,-16.96971601475317,0.05812126664520427
-7.04,14.91,5.471,-14.949020406839285,0.11266161536841822
-3.988,14.738,4.888,-16.906835829129584,0.05983468140752651
-2.211,15.319,5.473,-15.94522192620537,0.07284011774095776
-7.793,17.293,4.503,-14.182778690267574,0.1557908644374983
-7.793,20.685,6.999,-16.124323462940993,0.07916956121665679
-7.651,16.389,4.644,-13.673866360008708,0.13775174151005598
-2.4,15.071,5.446,-16.42613635225047,0.06427922308851874
-5.455,19.321,3.884,-16.20837594159795,0.17650865547046227
-8.251,16.708,5.634,-14.37455561705156,0.17190700162508366
-7.879,20.204,7.761,-16.257204464939143,0.08604652658517406
-6.149,14.608,9.731,-15.436017671882512,0.12110156259486113
-3.429,21.32,8.494,-16.158744065370787,0.05069757808597851
-3.4,21.217,5.983,-16.587248553267226,0.06796917190295275
-6.148,20.882,5.175,-16.63899043535735,0.08299604459602612
-4.652,20.995,5.226,-16.38383915297773,0.09000062231818559
-7.975,20.099,7.537,-16.330531140834964,0.08593638810695414
-3.977,15.136,10.475,-14.566060427765187,0.1553492724659697
-7.626,20.339,8.278,-16.194818817596524,0.08485803779972134
-1.845,18.601,4.888,-14.617269934635733,0.16790128568082707
-3.505,21.493,7.658,-15.713186784085218,0.06798988409996165
-4.411,14.861,4.578,-16.824366943135004,0.06319585893706425
-8.74,17.658,7.54,-15.978886314203978,0.19272211478650017
-7.219,15.251,5.381,-14.510209884272967,0.1285850583574707
-6.602,20.835,9.192,-15.733856326265094,0.05454406253262252
-3.047,20.994,5.996,-16.635426342146353,0.07264295844475324
-4.442,19.115,3.772,-16.04186893805261,0.198771750267742
-6.2,14.938,10.25,-14.526161222733348,0.14060379201139933
-7.793,20.685,7.895,-16.058287364961437,0.0800479812682832
-6.876,15.266,4.745,-14.456520348950217,0.10061366094069239
-5.885,16.719,3.678,-15.47906736562533,0.09345442836331123
-1.597,19.173,9.266,-16.411445844996905,0.16235544952188555
-6.846,15.743,4.356,-14.193777785540878,0.09852576495017071
-1.027,18.716,6.839,-14.913518784079482,0.12093611497606975
-3.87,16.944,11.184,-14.225808419842473,0.22550237196947592
-8.73,17.658,7.148,-15.778590484612373,0.1913109834612771
-6.238,14.054,6.817,-16.886347494865177,0.06815025465791781
-4.401,14.796,10.391,-14.660797660234781,0.12876727464987453
-1.617,16.907,5.343,-13.840554076005795,0.15092221523503438
-4.642,17.154,11.439,-13.439396266678834,0.2569632532417878
-7.113,15.25,4.956,-14.27776559441888,0.11612766075106627
-5.043,19.627,3.988,-16.2078648294516,0.1744986724431416
-4.262,17.741,11.298,-14.636183718457957,0.21252266498700476
-2.884,20.58,5.256,-16.572633968797046,0.09245081635638765
-6.738,20.891,5.767,-16.14483150932929,0.07016316388197082
-2.958,14.591,9.127,-16.762826244603588,0.07155510396580084
-1.75,19.199,9.497,-16.393243505272416,0.1676690963708194
-6.238,14.054,8.077,-17.013919187090842,0.06910361100951236
-7.55,15.713,4.972,-13.710370228153764,0.14454332672351064
-1.596,19.543,5.996,-15.594967738726815,0.11171544810279435
-6.793,14.724,5.491,-15.419445593450753,0.0926978102471364
-1.767,16.514,5.409,-14.207418073348364,0.13600838129463327
-4.465,17.534,11.318,-14.227736628667135,0.22652965314697412
-6.566,14.963,9.823,-15.246894818766647,0.1333892657830779
-8.74,17.658,7.354,-15.889545013882628,0.19171386286093017
-1.904,14.796,7.895,-16.78828442864664,0.05378282316087425
-1.415,19.169,5.999,-15.065702541817634,0.11970753683914122
-6.192,13.989,7.658,-17.018702632056513,0.06734093332414688
-8.681,17.657,6.768,-15.588989248096992,0.18712120498050702
-2.179,19.742,4.999,-15.952336723255407,0.12905196120439397
-2.009,15.55,5.483,-15.405774613122755,0.08559682308188678
-2.877,20.795,5.47,-16.673888610612618,0.08330747916064317
-8.712,17.657,6.972,-15.68512070227972,0.1902645403881491
-1.126,18.748,8.474,-16.122608205673853,0.14102953036901938
-3.796,15.035,10.145,-15.287181811128976,0.1234310732463464
-5.045,19.962,4.193,-16.309559592563442,0.15817527117413235
-5.296,14.796,10.391,-14.411227216299942,0.1273433205601997
-2.871,14.687,5.475,-16.946521250410147,0.05582949683868536
-4.014,20.972,5.343,-16.485185897713137,0.08296320810252605
-5.296,14.796,4.503,-16.351443580946885,0.06548827215579155
-8.663,17.561,6.681,-15.47223673865074,0.19098311267530568
-6.2,14.938,4.644,-15.399206148662671,0.07696050497254177
-1.831,15.785,5.502,-14.87812108437615,0.10053942214784443
-1.126,18.748,6.42,-14.666928201987176,0.12392949314296456
-0.946,18.724,7.042,-15.037517753930224,0.1229075706586292
-1.636,16.225,5.319,-13.982742581828091,0.1448410400833726
-3.427,21.433,8.285,-15.992523187748807,0.05395339647720061
-1.594,19.088,5.089,-14.936485590760936,0.13833204302827196
-7.876,20.256,7.96,-16.260254308575885,0.08897203792479991
-4.202,14.772,4.707,-16.897461901035854,0.06149463812580566
-6.212,15.352,4.157,-14.941339043129142,0.08648949034111021
-6.212,15.352,10.737,-13.726602281956719,0.1556345753314679
-8.22,16.48,5.602,-14.20353909683844,0.17597603861127958
-3.127,14.514,9.384,-16.665052640208632,0.07860155680650699
-3.333,14.529,9.575,-16.474979430848773,0.08386737341346356
-7.125,17.943,4.111,-15.242590908164006,0.13923649994785578
-3.75,14.604,4.978,-16.973516107692717,0.06030120761399138
-3.934,14.56,10.173,-15.42955940311439,0.11168368192774646
-3.106,14.477,5.484,-17.117759712596268,0.05366812022375528
-3.651,20.95,5.215,-16.66712749026575,0.0850748821494565
-5.044,16.346,11.287,-13.04122441173641,0.2242356787656251
-6.95,20.916,5.953,-16.02117004495527,0.07205254496492279
-5.762,15.014,4.266,-15.694393702170917,0.07832534513786336
-2.747,14.565,8.941,-16.880393687057165,0.06801992502773443
-5.762,14.56,4.72,-16.141953622191753,0.0658944628510384
-8.029,16.827,4.72,-13.689960534850165,0.16084164736854004
-8.694,19.118,7.231,-16.534323493362855,0.12064676026580366
-1.621,16.02,5.51,-14.311464023885367,0.11785733000065847
-6.914,15.443,4.474,-14.161885526628346,0.10172055135983758
-7.575,20.922,6.533,-15.978313888795379,0.08245802331856333
-1.017,18.745,8.264,-15.99419430673736,0.13881045954889232
-8.138,16.377,5.058,-13.558101983693005,0.17056696329494347
-6.363,14.756,9.8,-15.302749943133733,0.1291524075919771
-0.957,17.957,8.843,-16.368751256097745,0.13404748893419322
-1.136,18.809,5.958,-14.374070404943676,0.13183196682996193
-1.668,15.014,6.533,-16.06635511667822,0.05274158999869298
-2.604,14.832,5.435,-16.796401054035798,0.05906374305712285
-7.739,20.423,6.36,-16.375647951527135,0.08156474551403657
-7.514,15.593,5.393,-14.143317556355589,0.1506283683747086
-5.762,15.014,10.628,-13.892157504622837,0.14366766256986613
-7.237,16.377,4.157,-13.777408667517609,0.11693650565799413
-4.208,15.554,10.844,-13.761412308916576,0.1927839602520318
-6.418,20.968,9.298,-15.50866757799034,0.053042229827868395
-2.122,14.56,6.533,-16.841199153250592,0.04388552349534997
-7.822,15.675,5.149,-13.44423300449841,0.17492992460558637
-8.736,17.54,6.037,-15.129496659278177,0.18788322541231411
-1.017,18.745,6.63,-14.725650522862097,0.1266464559170199
-2.122,14.56,8.361,-17.062415377239965,0.05807105285152758
-3.424,21.52,8.093,-15.847298445351699,0.05896527113761094
-5.497,16.119,3.799,-15.575391073575581,0.0875026409619839
-7.575,16.827,4.266,-13.789965341184754,0.14147395898687043
-5.917,14.029,8.936,-16.69827066750185,0.07745379296362898
-6.782,17.941,3.901,-15.360041185336156,0.14712448946085538
-6.323,14.027,6.363,-16.894393766620677,0.06783223877162692
-7.146,15.675,4.474,-13.837768565481888,0.11154292760234458
-8.185,19.889,7.536,-16.44947346660298,0.09437273523840863
-2.521,14.523,8.778,-16.988537333944898,0.06551281168703443
-3.364,21.303,8.946,-16.578130599813793,0.04835097386027127
-6.212,14.451,5.058,-15.98546192767572,0.06796273411211655
-7.575,20.922,8.361,-15.97074141643025,0.0705298473223639
-8.139,19.961,7.537,-16.426954537584315,0.09197997927600811
-2.459,14.451,6.083,-17.154537155825047,0.043562569986194885
-7.207,20.995,8.794,-15.979994424088328,0.0564604036154277
-0.838,18.747,7.232,-15.145165719056324,0.1286581166729461
-7.99,20.439,6.544,-16.50741221933613,0.08335538600831219
-3.501,20.995,5.089,-16.80418799551436,0.08821759047662661
-3.501,14.487,9.805,-16.2524710348837,0.09199203835399469
-3.497,21.554,7.447,-15.719570074957533,0.07400739970939738
-6.914,14.768,5.149,-14.91331502173484,0.10035391904404274
-7.201,20.725,5.933,-16.13004451412514,0.07825951953737237
-0.838,18.747,7.662,-15.523916875913706,0.1312642786905203
-4.848,20.959,5.079,-16.43520308996145,0.09672783845504096
-6.785,14.514,5.726,-15.80888860870942,0.08861746631440053
-7.792,15.959,5.423,-14.018011671314074,0.16246459022865548
-7.237,21.031,6.083,-15.939952038130244,0.07964267725032975
-8.08,16.27,5.471,-14.00816932185723,0.17291675043976695
-1.746,15.072,8.34,-16.751470283102396,0.06509788527548176
-1.558,15.352,6.083,-15.378238201387937,0.06483368794936319
-5.762,14.56,10.173,-14.763491687653989,0.13077184742891718
-3.78,21.453,5.958,-16.4005676472066,0.07164992626263099
-5.878,16.922,3.623,-15.63451289440091,0.09955922284711315
-7.957,20.208,7.537,-16.305815661836636,0.08426719207573515
-7.448,20.57,5.902,-16.278778622835866,0.08453224179796592
-6.859,21.083,9.231,-15.8738662700327,0.04889303297090623
-6.421,15.304,10.541,-14.07993556599758,0.15213667504495185
-2.308,14.747,5.602,-16.90779479092125,0.0526651817921068
-5.524,15.858,3.708,-15.539156009662683,0.0913988240510426
-8.65,19.266,6.353,-16.596464988540987,0.10922440788744862
-1.326,15.476,8.114,-16.270371219841333,0.0716005174754734
-7.421,15.875,4.421,-13.437622028383913,0.12415817556828916
-6.677,17.951,3.682,-15.363995418030385,0.16437437878007996
-2.319,14.528,8.572,-17.05116987455547,0.06145689037077763
-6.401,15.562,10.737,-13.811467796851982,0.16426350170051662
-7.874,15.875,4.875,-13.229226912367391,0.1629650778358888
-7.922,17.506,4.608,-14.383623834327063,0.16006637058892198
-4.205,15.713,11.003,-13.510823215543253,0.20957891557048525
-1.471,17.975,4.893,-13.808348895583357,0.16906329175886387
-8.187,17.507,4.925,-14.452650439918347,0.16322114543184363
-4.635,14.89,4.383,-16.760240693084185,0.0668390898839685
-6.292,17.947,3.466,-15.69435742658345,0.1706760623099015
-0.934,16.248,8.098,-15.605860607793243,0.0774719248042823
-5.531,15.487,3.92,-15.668214905003326,0.08658833801987077
-8.54,17.091,5.572,-14.436275529594212,0.183093590149202
-6.675,15.678,4.032,-14.167622997872986,0.09513447723149906
-6.675,14.326,5.384,-15.876518549564324,0.07827361783003489
-4.22,21.8,6.394,-15.636192329429775,0.08352703223517244
-5.88,17.325,3.454,-15.976898338795301,0.12080889672154443
-3.296,14.451,5.268,-17.089210000783304,0.057903926154235924
-6.912,15.915,4.032,-13.87475708587797,0.10109970444991016
-8.657,19.358,7.216,-16.61991750887245,0.11094325544314974
-6.534,21.016,9.23,-15.530515479474863,0.051135079796364155
-7.507,17.949,4.275,-15.108305065415584,0.1423313307732811
-8.421,19.644,6.362,-16.70568070592101,0.09587230921249368
-5.887,13.681,6.804,-17.281974511381858,0.06053745444258428
-5.938,14.387,9.711,-15.565896028527032,0.1159113394213308
-6.714,14.715,4.875,-15.01562362994069,0.08895105283117699
-4.199,15.866,11.138,-13.347638536309958,0.2219373303760602
-5.708,16.259,3.674,-15.404997480842724,0.08915028139900211
-6.872,14.707,5.294,-15.148010208841397,0.09712841862373532
-2.785,14.326,5.621,-17.367527920197904,0.050099932864267
-0.849,17.326,8.455,-16.032605054420166,0.09299095080258399
-6.714,15.169,4.421,-14.454093545222396,0.09467792450615374
-6.741,14.326,5.924,-16.206179385308403,0.08326805037836901
-4.191,15.161,10.684,-14.047280702656696,0.1707720334355669
-5.929,16.468,3.655,-15.280574660113013,0.08994548622153233
-5.933,15.838,11.02,-13.340528862799292,0.1820031327752334
-7.688,17.506,4.373,-14.42690307808883,0.15514654122074661
-0.694,16.663,8.09,-15.417137456755812,0.07763623343373527
-4.208,21.983,6.792,-15.150031989040599,0.09171040981078458
-3.713,21.677,9.023,-16.201638292834726,0.03339565710093173
-4.178,14.542,4.71,-17.04685847764916,0.05943507808169912
-5.525,13.688,8.99,-16.84688385179565,0.0757839799209737
-8.549,17.504,5.19,-14.489323334837598,0.17473785005112735
-8.872,18.873,7.119,-16.497021586273366,0.13363407769849792
-5.524,15.801,11.271,-12.839932301467215,0.18927893223159914
-0.728,18.76,7.447,-15.268208211500395,0.13697612254323605
-5.903,13.537,7.672,-17.40203967274292,0.05985889334579629
-4.182,21.748,5.919,-16.07274847080685,0.08464692675580589
-3.77,21.944,8.11,-15.107343272487238,0.05484393215896262
-5.903,13.537,7.222,-17.36442054129667,0.06221253533269688
-1.506,18.193,4.869,-13.969504741454498,0.1684580140659307
-9.004,18.576,7.222,-16.390347888242964,0.15544372176328636
-6.425,13.965,5.86,-16.92564265543933,0.06495025117763278
-3.697,14.453,10.036,-15.902748132184046,0.10144992712853454
-7.437,21.029,8.598,-15.980973699288453,0.06252270768115997
-4.848,14.881,4.31,-16.65453453530318,0.06825032072892667
-5.912,13.585,8.105,-17.382865786198806,0.05880182371374157
-3.735,21.835,8.571,-15.626898490976334,0.0374102928815503
-8.927,18.658,7.12,-16.400908649153216,0.14597745667402953
-1.025,15.801,8.123,-15.909402302901974,0.07948794094021253
-5.947,13.693,6.334,-17.349796379196512,0.058668567359222684
-9.1,17.966,6.378,-15.771611791199078,0.18904388161246877
-3.779,21.992,7.672,-14.989380913412575,0.07712589894847874
-2.941,14.377,5.543,-17.25822099771383,0.05226595601412182
-1.06,16.573,5.446,-12.958045271673479,0.1497846774059799
-5.526,21.232,9.941,-15.412797685400477,0.07035173938691638
-5.533,13.255,8.132,-17.600812662652594,0.060411622462125586
-4.163,13.255,8.132,-17.56210598102715,0.05684976364703016
-0.9,16.087,5.793,-13.409121165029934,0.10651723224792534
-5.524,13.208,7.22,-17.695534147655742,0.06133233873828241
-5.075,13.208,6.772,-17.721252823839666,0.056572686605927625
-4.163,13.255,6.762,-17.693693252031665,0.04976574817190013
-2.54,14.26,5.8,-17.500730335690236,0.045541051843528454
-0.27,17.966,7.222,-14.221280707858778,0.12325618242604769
-4.173,22.274,7.22,-14.427485528421784,0.10410684635203252
-6.502,21.689,9.101,-14.310472187698805,0.04203674871782313
-5.533,13.255,6.762,-17.707074998171052,0.06022660246314114
-0.315,17.066,7.673,-14.56005427882274,0.07853199047646209
-3.195,13.793,9.101,-17.358527021070827,0.06637915989238491
-4.173,13.208,7.22,-17.665818662140268,0.05128956293598766
-4.385,21.162,10.085,-16.22456398118981,0.05647019433088049
-5.074,13.163,7.672,-17.64642377402806,0.05997364866035067
-4.622,22.274,8.122,-13.844571555847823,0.05315138482535914
-4.623,22.319,7.672,-13.836710650366376,0.07275840481312132
-1.062,18.894,5.433,-14.042920977607142,0.13527963976643165
-6.018,22.021,8.617,-13.654409646020907,0.04492234298118089
-0.315,17.514,6.772,-13.45039281066555,0.10307030834390164
-1.357,15.247,8.125,-16.476520243662485,0.07015096446518396
-5.533,22.226,6.762,-14.244732520874662,0.06727001449758921
-5.547,14.053,9.818,-15.627079033624177,0.11300038718912328
-6.018,22.021,6.277,-14.913565759560754,0.05700012888941132
-0.733,16.548,5.804,-12.861427104758697,0.11470846295437549
-6.502,16.087,3.499,-14.08155787320354,0.09240841490809455
-1.404,15.459,5.821,-14.84742739797241,0.07661087153950362
-0.315,17.514,8.122,-15.69678723940645,0.09580312910668179
-1.351,17.741,4.869,-13.478144479009686,0.17494997260991713
-3.679,13.461,8.617,-17.534532655175166,0.0579745064011897
-6.502,21.689,5.793,-16.034435735557672,0.05686226364139911
-0.703,18.433,5.869,-13.37607281578878,0.14171845732287722
-3.656,13.626,9.09,-17.410200433534634,0.06279932599014969
-0.315,17.967,6.772,-13.619350584793773,0.1261583198638888
-5.905,13.549,7.012,-17.35993801193569,0.06252471274837104
-0.733,16.098,6.254,-13.675853947833755,0.08759200698376579
-4.622,13.208,8.122,-17.528833437020623,0.06049478208313441
-3.679,13.461,6.277,-17.706566611061696,0.04795502006031159
-5.524,22.274,7.22,-13.745384358175155,0.06305912974548994
-4.173,22.274,7.673,-14.184878101820015,0.08164041784493371
-4.622,13.208,6.772,-17.70397491254572,0.05303949271899601
-4.211,21.951,6.584,-15.360794938490981,0.09095668492292885
-0.315,17.066,7.22,-13.924571988691604,0.08287923575773742
-3.656,13.626,5.804,-17.67998947745174,0.05067884548476248
-0.754,16.444,8.098,-15.457033873369305,0.07845222887221276
-4.173,13.208,7.673,-17.624056505122145,0.053698374257474146
-0.46,17.066,8.112,-15.485507573458335,0.0802728273217892
-0.364,18.406,7.22,-14.463835769461692,0.14827899531363442
-5.524,22.274,7.673,-13.44432919069831,0.05589295318207561
-6.786,15.803,4.024,-14.019534882424132,0.09752096916052475
-3.205,13.626,8.64,-17.52057063491304,0.05860216279681078
-4.623,13.163,7.222,-17.675681745241015,0.05503097005994237
-4.622,22.274,6.772,-14.528520876295083,0.09893289157080273
-4.848,20.968,10.356,-16.232845680611234,0.068824920329109
-1.121,15.615,8.122,-16.093046204082622,0.07750441372927584
-1.873,14.521,8.152,-17.09281077214214,0.05625550929168531
-6.041,21.856,9.09,-13.996066971931,0.04721383636381699
-3.205,13.626,6.254,-17.710315981485632,0.04624934697312741
-6.041,21.856,5.804,-15.906913802833106,0.05733013717009462
-6.476,16.564,3.377,-14.475973334470225,0.09617351711029216
-5.074,22.319,7.672,-13.585179739928268,0.06309097800147659
-0.27,17.966,7.672,-14.905944780736746,0.1229844484767544
-1.449,15.062,6.253,-15.724974678187097,0.05692622507774858
-3.195,13.793,5.793,-17.691234027429974,0.04977400385654386
-0.364,18.406,7.673,-15.043164222174426,0.15116728353283534
-5.524,13.208,7.673,-17.682973245027274,0.060187183565432706
-5.075,13.208,8.122,-17.538383287587585,0.06246357698926258
-6.491,21.856,8.64,-14.000319832650836,0.044240996848045167
-5.54,13.829,9.431,-16.309430829757478,0.09470089474682412
-5.067,21.065,10.234,-15.980867817744198,0.07064034321690955
-6.491,21.856,6.254,-14.992516832354331,0.05639161906836053
-0.46,18.406,6.772,-13.967764488444267,0.1482999096198228
-4.623,22.319,7.222,-14.079591901429499,0.09028607211016632
-1.265,17.523,5.001,-13.23775188672181,0.17285262385432135
-3.929,21.298,9.765,-16.390176482244456,0.047884304433266994
-1.18,17.281,5.165,-13.031845888624236,0.16845458459299023
-6.026,13.67,5.819,-17.438687468860632,0.05519478790105557
-0.363,17.056,6.762,-13.386237216450246,0.08905943424490163
-0.568,16.571,6.277,-13.148084791789518,0.0929431593774947
-5.767,21.298,9.765,-15.159870945972282,0.0656114347792909
-4.623,13.163,7.672,-17.621786741571526,0.0573389127320221
-0.315,17.967,8.122,-15.704555584160117,0.12771869223482674
-0.27,17.515,7.672,-14.744168214662329,0.09474838440894123
-4.163,22.226,8.132,-14.215313030108176,0.05397099397577803
-5.311,21.162,10.085,-15.674131808536353,0.07170570405428368
-5.074,22.319,7.222,-13.857354855160578,0.07488186313255424
-5.074,13.163,7.222,-17.69748282142723,0.0586055134910648
-5.075,22.274,6.772,-14.32817665707983,0.0820905950832394
-4.63,21.065,10.234,-16.213252686025697,0.06249862440350128
-5.075,22.274,8.122,-13.567861482596612,0.05077250223576619
-4.144,14.521,10.422,-14.882439958185092,0.1238946517573158
-4.171,21.232,9.941,-16.275146473102737,0.05194756860601667
-5.533,22.226,8.132,-13.400785380226596,0.048497064456936044
-0.55,18.409,6.335,-13.552672886536321,0.148514166731846
-3.722,21.341,9.601,-16.540364411709557,0.04571949923122945
-2.17,14.341,6.253,-17.199923604742185,0.04227536127974302
-1.231,15.72,5.851,-14.310166894475342,0.08859205245273177
-0.27,17.515,7.222,-14.040718272581966,0.09813114392310335
-5.578,21.516,5.034,-16.871057138627528,0.0920878939987407
-3.186,14.001,5.369,-17.53357826442953,0.056156272543086236
-1.35,15.19,6.269,-15.445318441426897,0.061075063088841614
-5.084,13.336,9.036,-17.05344128002621,0.07993153049737141
-6.005,22.23,8.15,-13.234282187434458,0.04857772455122346
-5.083,22.281,8.594,-13.626529258483043,0.04317259149216056
-3.701,21.86,8.826,-15.948298350906114,0.03013458213406426
-6.666,21.472,5.86,-15.960742841232255,0.06310460364530616
-4.613,22.146,9.036,-14.469335389389954,0.035438432714044524
-3.678,14.261,9.983,-16.21514658927301,0.09251056072527519
-5.573,15.292,11.26,-12.720880101741393,0.16491859915098275
-5.083,13.201,6.3,-17.788478997253986,0.05563818542310876
-4.12,22.071,9.09,-15.216077458558168,0.025767484683028488
-5.577,13.41,5.803,-17.691640037445804,0.05349716151755467
-5.088,14.382,10.566,-14.34666902185906,0.12773029931542207
-5.084,22.146,9.036,-14.048393489569262,0.04385227372992122
-5.072,14.607,10.581,-14.209882133614562,0.1307417471118819
-4.619,22.232,6.31,-15.058535003579554,0.10214970282498839
-4.614,13.201,8.594,-17.430327076862152,0.06751725918584911
-1.521,14.664,6.716,-16.405133200479916,0.052594725506537474
-0.443,17.977,5.858,-12.664776421020871,0.12948402211835028
-1.485,14.855,6.74,-16.163304449144054,0.05463965439691777
-5.93,13.453,7.892,-17.50538443192262,0.05873533231516058
-4.614,14.654,10.768,-13.942318616730947,0.14268821537113607
-0.541,16.858,8.099,-15.400843922550788,0.07807175875992065
-1.963,14.378,6.74,-16.952651880301374,0.045416440003335334
-4.613,13.336,5.858,-17.71582643691535,0.052825066446807956
-4.141,14.378,10.332,-15.185022654462948,0.11200129784173096
-5.084,13.336,5.858,-17.70901969205448,0.053363582723267675
-3.692,13.252,6.744,-17.749400885802565,0.04870121200523819
-3.701,13.201,7.212,-17.718449070271923,0.04986206160926687
-7.209,17.493,3.577,-14.458246922666488,0.1694837045225274
-4.613,13.336,9.036,-17.18152467333922,0.07304027675211532
-4.12,13.41,5.803,-17.7296849528247,0.0525884069999832
-0.443,17.505,5.858,-12.400885800098722,0.11731781804250081
-0.518,16.097,6.718,-13.852827126753692,0.08168372498458301
-3.259,13.336,7.211,-17.706874108230338,0.04807090303070493
-5.577,22.071,9.09,-13.82776929034206,0.04918620446327632
-4.614,13.201,6.3,-17.764785991545985,0.053318878945781745
-0.993,17.039,5.248,-12.638794372418733,0.16593028978378715
-0.308,17.976,6.3,-12.945364188241246,0.13077988439309954
-5.084,22.146,5.858,-15.497642113434656,0.08990543589625404
-0.359,16.584,6.744,-13.386499259292373,0.08354969708391807
-0.518,17.012,5.803,-12.344162012631358,0.11514803160119796
-5.551,22.23,6.29,-14.78869356826896,0.07049743598540352
-6.005,22.23,6.744,-14.093237277344967,0.05956025698105708
-6.234,21.458,5.443,-16.71873146713668,0.06634359663075338
-0.308,16.594,7.212,-13.866787558335755,0.07844926751625934
-5.083,22.281,6.3,-14.835094659948325,0.08858032274824956
-5.083,13.201,8.594,-17.392217313225245,0.07085345125867934
-4.613,22.146,5.858,-15.614105277493712,0.10349368754915861
-5.096,21.611,5.086,-16.527829079404242,0.10019380502668909
-3.205,13.41,6.718,-17.745589078046564,0.04662302955470962
-4.146,13.252,6.29,-17.75832774156735,0.051224845245564456
-4.146,22.23,8.604,-14.41762792619014,0.03202532458053915
-3.692,13.252,8.15,-17.66511311694008,0.05571364000418173
-4.615,14.996,11.056,-13.231053740423762,0.17311465390162517
-6.435,21.472,5.629,-16.4053275008534,0.06246890566851575
-5.953,13.532,6.549,-17.4584493678112,0.061751279215407295
-4.614,22.281,8.594,-13.965582595031973,0.03866258692701338
-4.617,15.37,11.312,-12.70449012380178,0.20105506724883743
-5.996,22.281,7.212,-13.589903212603154,0.058360961731291815
-4.12,13.41,9.09,-17.374265040520655,0.06584976244563474
-1.714,14.607,7.671,-16.843490531077354,0.054025783995209534
-0.308,17.506,6.3,-12.737518179909493,0.10949380599772177
-5.541,13.3,8.594,-17.423913275766665,0.06689391127257294
-6.492,22.071,6.718,-14.193476129572765,0.05982303853482873
-3.259,13.336,7.683,-17.68498442855295,0.05089368558890513
-0.359,17.038,6.29,-12.699086515121884,0.09813879406169386
-5.551,13.252,6.29,-17.80909407990937,0.05783628879304699
-5.551,22.23,8.604,-13.409401926615605,0.04531297295523633
-0.443,16.152,7.683,-14.757332998257098,0.08209722458085705
-6.511,15.663,3.707,-14.134902842925593,0.09561202417403479
-4.625,14.607,10.581,-14.33317773205123,0.130959942016503
-7.583,17.491,3.831,-14.146001240623471,0.17687914592279674
-1.527,14.654,7.681,-16.773373658940724,0.057699046109162114
-5.996,22.281,7.682,-13.273794281593341,0.05387621568820372
-5.916,13.426,7.447,-17.472522196622787,0.061919885057331314
-0.308,16.594,7.682,-14.43954550539394,0.07567937390735041
-5.788,21.38,5.075,-16.92204447688599,0.08732937749903084
-1.714,14.607,7.223,-16.683283109871084,0.05170755275529884
-0.443,16.152,7.211,-14.233589031860337,0.08049823572584809
-0.835,15.961,8.132,-15.706120951152489,0.0832747481456854
-5.577,22.071,5.803,-15.671373685804873,0.07088924008967692
-3.205,13.41,8.176,-17.66580130846218,0.05481783921408598
-4.146,13.252,8.604,-17.533726986328723,0.06227442829562564
-5.55,13.886,9.646,-15.992393077859433,0.10585519960107896
-1.772,14.414,6.716,-16.838037244867945,0.04761567015939454
-6.437,22.146,7.683,-13.54089553796453,0.056031469980465175
-2.297,14.243,6.269,-17.31833234679823,0.04198822342372367
-6.437,22.146,7.211,-13.762893847983186,0.05968169529712847
-6.001,21.424,5.243,-16.902836615889896,0.07564138872629776
-4.201,22.116,7.006,-14.81402642578028,0.0977812829856263
-3.701,13.201,7.682,-17.69125920655392,0.052429135155661985
-4.182,21.929,6.12,-15.823016160392559,0.09103174211176071
-6.492,22.071,8.176,-13.604582444247763,0.05044264842750963
-3.974,22.094,7.237,-14.86022050065159,0.09597821832119736
-0.768,15.245,7.194,-15.378958206557916,0.08005760598438579
-6.982,21.962,8.201,-14.04529255219991,0.05718153804754222
-4.596,13.661,9.943,-16.23304071102043,0.08856747243467797
-5.53,13.459,8.804,-17.170711175228078,0.07109612882040611
-0.702,16.044,8.025,-15.466838070320673,0.0832184415420041
-5.1,22.047,9.528,-14.463709425444968,0.055739189105096676
-7.4,21.722,6.685,-14.84743238096974,0.09424665434652661
-5.1,13.435,9.528,-16.55460693046474,0.09554801725500506
-7.4,21.722,8.209,-14.77478337633429,0.06599053081004505
-5.101,21.821,9.943,-15.044579123113241,0.07062249462273987
-6.982,21.962,6.693,-14.320784916392302,0.07464781537179782
-4.086,13.76,4.895,-17.640799898226046,0.05641766250894882
-5.549,13.637,9.267,-16.64846574011068,0.08841094743260605
-0.52,18.433,6.075,-13.233882261505356,0.15143111355721284
-6.93,22.047,7.195,-13.97820936856695,0.07249347521249452
-0.81,17.488,4.979,-12.420431060560764,0.16244419186814313
-0.868,15.189,6.685,-15.15570534224993,0.07211575212893796
-5.1,22.047,5.365,-16.149472144331895,0.09815259924799431
-0.542,15.659,7.699,-15.235052175607608,0.09038621924784207
-4.622,21.725,5.274,-16.321354400076125,0.10191155017657216
-0.898,16.786,5.415,-12.611591939166782,0.1506533451542641
-5.61,13.76,4.895,-17.024231955786888,0.059632247614691505
-6.069,13.742,5.323,-17.14654547215512,0.055340212689994686
-1.033,15.882,5.824,-13.823623797017639,0.09756420219346829
-7.344,21.821,7.194,-14.508117744841702,0.08826808412547317
-2.377,13.704,7.695,-17.57320473270926,0.050826183232380945
-0.812,15.269,7.695,-15.853608065152546,0.08292341552011719
-4.094,21.962,9.58,-15.810420236777595,0.03202185301529217
-5.1,13.435,5.365,-17.59623052871877,0.054829384139395976
-4.596,22.047,9.528,-14.988733077097422,0.042857216428381514
-5.101,13.661,9.943,-15.873293180691096,0.10722281207445597
-5.568,14.05,10.085,-15.201733357720265,0.12797438528504185
-4.086,13.76,9.999,-16.614010410090067,0.07810427438902015
-7.126,21.547,6.253,-15.338367726068604,0.07699781288700724
-5.597,13.563,5.338,-17.42141927239668,0.053982841632464765
-0.542,17.489,5.365,-12.126997589378117,0.1328473184453327
-1.334,14.793,7.681,-16.5926195384464,0.06287821164059951
-4.596,21.821,9.943,-15.534033921297032,0.05572304260719543
-0.627,16.987,5.313,-11.99047432117427,0.14727567614285825
-2.321,13.802,6.696,-17.571977597817117,0.04478686410163524
-1.661,14.309,7.692,-17.11240448451221,0.05447574637668076
-2.735,13.564,6.703,-17.72724562831687,0.04564992121078363
-0.609,16.29,8.013,-15.284314191233491,0.08055994882284287
-5.602,21.962,9.58,-14.190662949997858,0.06400750357322275
-2.767,13.435,7.699,-17.702525064568682,0.051955571940388495
-4.596,13.435,5.365,-17.6798076171342,0.05525488980343571
-0.542,17.993,5.365,-12.51131637594819,0.13019270007837822
-5.597,21.919,5.338,-16.567198617341596,0.07771132579605516
-4.596,13.435,9.528,-16.839363291969377,0.08115815224912064
-6.93,22.047,7.699,-13.865612144318504,0.06622264077595927
-7.126,21.547,8.641,-15.009640669833523,0.04842813558807074
-4.094,13.52,9.58,-17.202177137615095,0.07029481711959369
-2.767,13.435,7.195,-17.715462578605486,0.048561171194607705
-4.602,22.001,5.385,-16.13689591531411,0.10923602631041543
-0.542,15.659,7.195,-14.717201583142781,0.08479300155272292
-7.344,21.821,7.7,-14.476662655944526,0.078210936929585
-2.353,13.661,7.194,-17.590042048328524,0.04853052101921179
-1.566,14.714,6.967,-16.43430492776988,0.05350119548343579
-0.627,15.607,6.693,-14.409026037101405,0.07998323525398293
-3.602,13.657,9.617,-17.47989204178417,0.06881513380484662
-7.018,21.825,8.693,-14.363754335409427,0.045301872883298545
-0.721,15.551,6.185,-14.121283875687707,0.07959780779667934
-0.997,14.822,7.187,-16.037844789781474,0.07159110796707502
-7.86,21.332,7.687,-15.52056402832682,0.08903466413620859
-7.86,21.332,7.207,-15.555455469840497,0.0964010877656559
-7.018,21.825,6.2,-14.948343811818862,0.07124134283393423
-4.588,13.889,10.366,-15.356631063476307,0.10093320442378478
-7.799,21.631,7.187,-15.083412360761065,0.10729033122957948
-7.543,21.512,6.711,-15.243421712722347,0.09563016135571732
-7.799,21.631,7.707,-15.076635812874791,0.09411219949439714
-7.543,21.512,8.183,-15.200500754255039,0.06960211510188762
-8.025,21.264,7.447,-15.730618856192397,0.09659794229985291
